x,y,z,type
-81.74578904091533,-235.42875790157268,0.0,default
-64.92036794500686,-235.42875790157268,0.0,default
-48.09494684909839,-235.42875790157268,0.0,default
-31.269525753189924,-235.42875790157268,0.0,default
-14.444104657281457,-235.42875790157268,0.0,default
2.3813164386270103,-235.42875790157268,0.0,default
19.206737534535478,-235.42875790157268,0.0,default
36.03215863044397,-235.42875790157268,0.0,default
52.85757972635241,-235.42875790157268,0.0,default
69.68300082226085,-235.42875790157268,0.0,default
-106.98392068477803,-220.85751580314536,0.0,default
-90.15849958886956,-220.85751580314536,0.0,default
-73.33307849296109,-220.85751580314536,0.0,default
-56.50765739705263,-220.85751580314536,0.0,default
-39.682236301144165,-220.85751580314536,0.0,default
-22.856815205235698,-220.85751580314536,0.0,default
-6.031394109327229,-220.85751580314536,0.0,default
10.794026986581239,-220.85751580314536,0.0,default
27.619448082489704,-220.85751580314536,0.0,default
44.4448691783982,-220.85751580314536,0.0,default
61.27029027430664,-220.85751580314536,0.0,default
78.09571137021508,-220.85751580314536,0.0,default
94.92113246612358,-220.85751580314536,0.0,default
111.74655356203208,-220.85751580314536,0.0,default
-132.22205232864073,-206.28627370471804,0.0,default
-115.39663123273226,-206.28627370471804,0.0,default
-98.5712101368238,-206.28627370471804,0.0,default
-81.74578904091533,-206.28627370471804,0.0,default
-64.92036794500686,-206.28627370471804,0.0,default
-48.09494684909839,-206.28627370471804,0.0,default
-31.269525753189924,-206.28627370471804,0.0,default
-14.444104657281457,-206.28627370471804,0.0,default
2.3813164386270103,-206.28627370471804,0.0,default
19.206737534535478,-206.28627370471804,0.0,default
36.03215863044397,-206.28627370471804,0.0,default
52.85757972635241,-206.28627370471804,0.0,default
69.68300082226085,-206.28627370471804,0.0,default
86.50842191816935,-206.28627370471804,0.0,default
103.33384301407784,-206.28627370471804,0.0,default
120.15926410998628,-206.28627370471804,0.0,default
136.98468520589472,-206.28627370471804,0.0,default
-157.46018397250344,-191.71503160629072,0.0,default
-140.63476287659498,-191.71503160629072,0.0,default
-123.8093417806865,-191.71503160629072,0.0,default
-106.98392068477803,-191.71503160629072,0.0,default
-90.15849958886956,-191.71503160629072,0.0,default
-73.33307849296109,-191.71503160629072,0.0,default
-56.50765739705263,-191.71503160629072,0.0,default
-39.682236301144165,-191.71503160629072,0.0,default
-22.856815205235698,-191.71503160629072,0.0,default
-6.031394109327229,-191.71503160629072,0.0,default
10.794026986581239,-191.71503160629072,0.0,default
27.619448082489704,-191.71503160629072,0.0,default
44.4448691783982,-191.71503160629072,0.0,default
61.27029027430664,-191.71503160629072,0.0,default
78.09571137021508,-191.71503160629072,0.0,default
94.92113246612358,-191.71503160629072,0.0,default
111.74655356203208,-191.71503160629072,0.0,default
128.5719746579405,-191.71503160629072,0.0,default
145.39739575384894,-191.71503160629072,0.0,default
-165.87289452045766,-177.1437895078634,0.0,default
-149.0474734245492,-177.1437895078634,0.0,default
-132.22205232864073,-177.1437895078634,0.0,default
-115.39663123273226,-177.1437895078634,0.0,default
-98.5712101368238,-177.1437895078634,0.0,default
-81.74578904091533,-177.1437895078634,0.0,default
-64.92036794500686,-177.1437895078634,0.0,default
-48.09494684909839,-177.1437895078634,0.0,default
-31.269525753189924,-177.1437895078634,0.0,default
-14.444104657281457,-177.1437895078634,0.0,default
2.3813164386270103,-177.1437895078634,0.0,default
19.206737534535478,-177.1437895078634,0.0,default
36.03215863044397,-177.1437895078634,0.0,default
52.85757972635241,-177.1437895078634,0.0,default
69.68300082226085,-177.1437895078634,0.0,default
86.50842191816935,-177.1437895078634,0.0,default
103.33384301407784,-177.1437895078634,0.0,default
120.15926410998628,-177.1437895078634,0.0,default
136.98468520589472,-177.1437895078634,0.0,default
153.81010630180322,-177.1437895078634,0.0,default
170.6355273977117,-177.1437895078634,0.0,default
-174.2856050684119,-162.57254740943608,0.0,default
-157.46018397250344,-162.57254740943608,0.0,default
-140.63476287659498,-162.57254740943608,0.0,default
-123.8093417806865,-162.57254740943608,0.0,default
-106.98392068477803,-162.57254740943608,0.0,default
-90.15849958886956,-162.57254740943608,0.0,default
-73.33307849296109,-162.57254740943608,0.0,default
-56.50765739705263,-162.57254740943608,0.0,default
-39.682236301144165,-162.57254740943608,0.0,default
-22.856815205235698,-162.57254740943608,0.0,default
-6.031394109327229,-162.57254740943608,0.0,default
10.794026986581239,-162.57254740943608,0.0,default
27.619448082489704,-162.57254740943608,0.0,default
44.4448691783982,-162.57254740943608,0.0,default
61.27029027430664,-162.57254740943608,0.0,default
78.09571137021508,-162.57254740943608,0.0,default
94.92113246612358,-162.57254740943608,0.0,default
111.74655356203208,-162.57254740943608,0.0,default
128.5719746579405,-162.57254740943608,0.0,default
145.39739575384894,-162.57254740943608,0.0,default
162.22281684975744,-162.57254740943608,0.0,default
179.04823794566593,-162.57254740943608,0.0,default
-199.5237367122746,-148.00130531100876,0.0,default
-182.69831561636613,-148.00130531100876,0.0,default
-165.87289452045766,-148.00130531100876,0.0,default
-149.0474734245492,-148.00130531100876,0.0,default
-132.22205232864073,-148.00130531100876,0.0,default
-115.39663123273226,-148.00130531100876,0.0,default
-98.5712101368238,-148.00130531100876,0.0,default
-81.74578904091533,-148.00130531100876,0.0,default
-64.92036794500686,-148.00130531100876,0.0,default
-48.09494684909839,-148.00130531100876,0.0,default
-31.269525753189924,-148.00130531100876,0.0,default
-14.444104657281457,-148.00130531100876,0.0,default
2.3813164386270103,-148.00130531100876,0.0,default
19.206737534535478,-148.00130531100876,0.0,default
36.03215863044397,-148.00130531100876,0.0,default
52.85757972635241,-148.00130531100876,0.0,default
69.68300082226085,-148.00130531100876,0.0,default
86.50842191816935,-148.00130531100876,0.0,default
103.33384301407784,-148.00130531100876,0.0,default
120.15926410998628,-148.00130531100876,0.0,default
136.98468520589472,-148.00130531100876,0.0,default
153.81010630180322,-148.00130531100876,0.0,default
170.6355273977117,-148.00130531100876,0.0,default
187.46094849362015,-148.00130531100876,0.0,default
-207.93644726022885,-133.43006321258144,0.0,default
-191.11102616432038,-133.43006321258144,0.0,default
-174.2856050684119,-133.43006321258144,0.0,default
-157.46018397250344,-133.43006321258144,0.0,default
-140.63476287659498,-133.43006321258144,0.0,default
-123.8093417806865,-133.43006321258144,0.0,default
-106.98392068477803,-133.43006321258144,0.0,default
-90.15849958886956,-133.43006321258144,0.0,default
-73.33307849296109,-133.43006321258144,0.0,default
-56.50765739705263,-133.43006321258144,0.0,default
-39.682236301144165,-133.43006321258144,0.0,default
-22.856815205235698,-133.43006321258144,0.0,default
-6.031394109327229,-133.43006321258144,0.0,default
10.794026986581239,-133.43006321258144,0.0,default
27.619448082489704,-133.43006321258144,0.0,default
44.4448691783982,-133.43006321258144,0.0,default
61.27029027430664,-133.43006321258144,0.0,default
78.09571137021508,-133.43006321258144,0.0,default
94.92113246612358,-133.43006321258144,0.0,default
111.74655356203208,-133.43006321258144,0.0,default
128.5719746579405,-133.43006321258144,0.0,default
145.39739575384894,-133.43006321258144,0.0,default
162.22281684975744,-133.43006321258144,0.0,default
179.04823794566593,-133.43006321258144,0.0,default
195.87365904157437,-133.43006321258144,0.0,default
-216.34915780818307,-118.85882111415413,0.0,default
-199.5237367122746,-118.85882111415413,0.0,default
-182.69831561636613,-118.85882111415413,0.0,default
-165.87289452045766,-118.85882111415413,0.0,default
-149.0474734245492,-118.85882111415413,0.0,default
-132.22205232864073,-118.85882111415413,0.0,default
-115.39663123273226,-118.85882111415413,0.0,default
-98.5712101368238,-118.85882111415413,0.0,default
-81.74578904091533,-118.85882111415413,0.0,default
-64.92036794500686,-118.85882111415413,0.0,default
-48.09494684909839,-118.85882111415413,0.0,default
-31.269525753189924,-118.85882111415413,0.0,default
-14.444104657281457,-118.85882111415413,0.0,default
2.3813164386270103,-118.85882111415413,0.0,default
19.206737534535478,-118.85882111415413,0.0,default
36.03215863044397,-118.85882111415413,0.0,default
52.85757972635241,-118.85882111415413,0.0,default
69.68300082226085,-118.85882111415413,0.0,default
86.50842191816935,-118.85882111415413,0.0,default
103.33384301407784,-118.85882111415413,0.0,default
120.15926410998628,-118.85882111415413,0.0,default
136.98468520589472,-118.85882111415413,0.0,default
153.81010630180322,-118.85882111415413,0.0,default
170.6355273977117,-118.85882111415413,0.0,default
187.46094849362015,-118.85882111415413,0.0,default
204.2863695895286,-118.85882111415413,0.0,default
-224.7618683561373,-104.2875790157268,0.0,default
-207.93644726022885,-104.2875790157268,0.0,default
-191.11102616432038,-104.2875790157268,0.0,default
-174.2856050684119,-104.2875790157268,0.0,default
-157.46018397250344,-104.2875790157268,0.0,default
-140.63476287659498,-104.2875790157268,0.0,default
-123.8093417806865,-104.2875790157268,0.0,default
-106.98392068477803,-104.2875790157268,0.0,default
-90.15849958886956,-104.2875790157268,0.0,default
-73.33307849296109,-104.2875790157268,0.0,default
-56.50765739705263,-104.2875790157268,0.0,default
-39.682236301144165,-104.2875790157268,0.0,default
-22.856815205235698,-104.2875790157268,0.0,default
-6.031394109327229,-104.2875790157268,0.0,default
10.794026986581239,-104.2875790157268,0.0,default
27.619448082489704,-104.2875790157268,0.0,default
44.4448691783982,-104.2875790157268,0.0,default
61.27029027430664,-104.2875790157268,0.0,default
78.09571137021508,-104.2875790157268,0.0,default
94.92113246612358,-104.2875790157268,0.0,default
111.74655356203208,-104.2875790157268,0.0,default
128.5719746579405,-104.2875790157268,0.0,default
145.39739575384894,-104.2875790157268,0.0,default
162.22281684975744,-104.2875790157268,0.0,default
179.04823794566593,-104.2875790157268,0.0,default
195.87365904157437,-104.2875790157268,0.0,default
212.6990801374828,-104.2875790157268,0.0,default
-233.17457890409153,-89.71633691729949,0.0,default
-216.34915780818307,-89.71633691729949,0.0,default
-199.5237367122746,-89.71633691729949,0.0,default
-182.69831561636613,-89.71633691729949,0.0,default
-165.87289452045766,-89.71633691729949,0.0,default
-149.0474734245492,-89.71633691729949,0.0,default
-132.22205232864073,-89.71633691729949,0.0,default
-115.39663123273226,-89.71633691729949,0.0,default
-98.5712101368238,-89.71633691729949,0.0,default
-81.74578904091533,-89.71633691729949,0.0,default
-64.92036794500686,-89.71633691729949,0.0,default
-48.09494684909839,-89.71633691729949,0.0,default
-31.269525753189924,-89.71633691729949,0.0,default
-14.444104657281457,-89.71633691729949,0.0,default
2.3813164386270103,-89.71633691729949,0.0,default
19.206737534535478,-89.71633691729949,0.0,default
36.03215863044397,-89.71633691729949,0.0,default
52.85757972635241,-89.71633691729949,0.0,default
69.68300082226085,-89.71633691729949,0.0,default
86.50842191816935,-89.71633691729949,0.0,default
103.33384301407784,-89.71633691729949,0.0,default
120.15926410998628,-89.71633691729949,0.0,default
136.98468520589472,-89.71633691729949,0.0,default
153.81010630180322,-89.71633691729949,0.0,default
170.6355273977117,-89.71633691729949,0.0,default
187.46094849362015,-89.71633691729949,0.0,default
204.2863695895286,-89.71633691729949,0.0,default
221.1117906854371,-89.71633691729949,0.0,default
-224.7618683561373,-75.14509481887217,0.0,default
-207.93644726022885,-75.14509481887217,0.0,default
-191.11102616432038,-75.14509481887217,0.0,default
-174.2856050684119,-75.14509481887217,0.0,default
-157.46018397250344,-75.14509481887217,0.0,default
-140.63476287659498,-75.14509481887217,0.0,default
-123.8093417806865,-75.14509481887217,0.0,default
-106.98392068477803,-75.14509481887217,0.0,default
-90.15849958886956,-75.14509481887217,0.0,default
-73.33307849296109,-75.14509481887217,0.0,default
-56.50765739705263,-75.14509481887217,0.0,default
-39.682236301144165,-75.14509481887217,0.0,default
-22.856815205235698,-75.14509481887217,0.0,default
-6.031394109327229,-75.14509481887217,0.0,default
10.794026986581239,-75.14509481887217,0.0,default
27.619448082489704,-75.14509481887217,0.0,default
44.4448691783982,-75.14509481887217,0.0,default
61.27029027430664,-75.14509481887217,0.0,default
78.09571137021508,-75.14509481887217,0.0,default
94.92113246612358,-75.14509481887217,0.0,default
111.74655356203208,-75.14509481887217,0.0,default
128.5719746579405,-75.14509481887217,0.0,default
145.39739575384894,-75.14509481887217,0.0,default
162.22281684975744,-75.14509481887217,0.0,default
179.04823794566593,-75.14509481887217,0.0,default
195.87365904157437,-75.14509481887217,0.0,default
212.6990801374828,-75.14509481887217,0.0,default
229.5245012333913,-75.14509481887217,0.0,default
-233.17457890409153,-60.57385272044485,0.0,default
-216.34915780818307,-60.57385272044485,0.0,default
-199.5237367122746,-60.57385272044485,0.0,default
-182.69831561636613,-60.57385272044485,0.0,default
-165.87289452045766,-60.57385272044485,0.0,default
-149.0474734245492,-60.57385272044485,0.0,default
-132.22205232864073,-60.57385272044485,0.0,default
-115.39663123273226,-60.57385272044485,0.0,default
-98.5712101368238,-60.57385272044485,0.0,default
-81.74578904091533,-60.57385272044485,0.0,default
-64.92036794500686,-60.57385272044485,0.0,default
-48.09494684909839,-60.57385272044485,0.0,default
-31.269525753189924,-60.57385272044485,0.0,default
-14.444104657281457,-60.57385272044485,0.0,default
2.3813164386270103,-60.57385272044485,0.0,default
19.206737534535478,-60.57385272044485,0.0,default
36.03215863044397,-60.57385272044485,0.0,default
52.85757972635241,-60.57385272044485,0.0,default
69.68300082226085,-60.57385272044485,0.0,default
86.50842191816935,-60.57385272044485,0.0,default
103.33384301407784,-60.57385272044485,0.0,default
120.15926410998628,-60.57385272044485,0.0,default
136.98468520589472,-60.57385272044485,0.0,default
153.81010630180322,-60.57385272044485,0.0,default
170.6355273977117,-60.57385272044485,0.0,default
187.46094849362015,-60.57385272044485,0.0,default
204.2863695895286,-60.57385272044485,0.0,default
221.1117906854371,-60.57385272044485,0.0,default
237.93721178134558,-60.57385272044485,0.0,default
-241.58728945204578,-46.00261062201753,0.0,default
-224.7618683561373,-46.00261062201753,0.0,default
-207.93644726022885,-46.00261062201753,0.0,default
-191.11102616432038,-46.00261062201753,0.0,default
-174.2856050684119,-46.00261062201753,0.0,default
-157.46018397250344,-46.00261062201753,0.0,default
-140.63476287659498,-46.00261062201753,0.0,default
-123.8093417806865,-46.00261062201753,0.0,default
-106.98392068477803,-46.00261062201753,0.0,default
-90.15849958886956,-46.00261062201753,0.0,default
-73.33307849296109,-46.00261062201753,0.0,default
-56.50765739705263,-46.00261062201753,0.0,default
-39.682236301144165,-46.00261062201753,0.0,default
-22.856815205235698,-46.00261062201753,0.0,default
-6.031394109327229,-46.00261062201753,0.0,default
10.794026986581239,-46.00261062201753,0.0,default
27.619448082489704,-46.00261062201753,0.0,default
44.4448691783982,-46.00261062201753,0.0,default
61.27029027430664,-46.00261062201753,0.0,default
78.09571137021508,-46.00261062201753,0.0,default
94.92113246612358,-46.00261062201753,0.0,default
111.74655356203208,-46.00261062201753,0.0,default
128.5719746579405,-46.00261062201753,0.0,default
145.39739575384894,-46.00261062201753,0.0,default
162.22281684975744,-46.00261062201753,0.0,default
179.04823794566593,-46.00261062201753,0.0,default
195.87365904157437,-46.00261062201753,0.0,default
212.6990801374828,-46.00261062201753,0.0,default
229.5245012333913,-46.00261062201753,0.0,default
-233.17457890409153,-31.43136852359021,0.0,default
-216.34915780818307,-31.43136852359021,0.0,default
-199.5237367122746,-31.43136852359021,0.0,default
-182.69831561636613,-31.43136852359021,0.0,default
-165.87289452045766,-31.43136852359021,0.0,default
-149.0474734245492,-31.43136852359021,0.0,default
-132.22205232864073,-31.43136852359021,0.0,default
-115.39663123273226,-31.43136852359021,0.0,default
-98.5712101368238,-31.43136852359021,0.0,default
-81.74578904091533,-31.43136852359021,0.0,default
-64.92036794500686,-31.43136852359021,0.0,default
-48.09494684909839,-31.43136852359021,0.0,default
-31.269525753189924,-31.43136852359021,0.0,default
-14.444104657281457,-31.43136852359021,0.0,default
2.3813164386270103,-31.43136852359021,0.0,default
19.206737534535478,-31.43136852359021,0.0,default
36.03215863044397,-31.43136852359021,0.0,default
52.85757972635241,-31.43136852359021,0.0,default
69.68300082226085,-31.43136852359021,0.0,default
86.50842191816935,-31.43136852359021,0.0,default
103.33384301407784,-31.43136852359021,0.0,default
120.15926410998628,-31.43136852359021,0.0,default
136.98468520589472,-31.43136852359021,0.0,default
153.81010630180322,-31.43136852359021,0.0,default
170.6355273977117,-31.43136852359021,0.0,default
187.46094849362015,-31.43136852359021,0.0,default
204.2863695895286,-31.43136852359021,0.0,default
221.1117906854371,-31.43136852359021,0.0,default
237.93721178134558,-31.43136852359021,0.0,default
-241.58728945204578,-16.86012642516289,0.0,default
-224.7618683561373,-16.86012642516289,0.0,default
-207.93644726022885,-16.86012642516289,0.0,default
-191.11102616432038,-16.86012642516289,0.0,default
-174.2856050684119,-16.86012642516289,0.0,default
-157.46018397250344,-16.86012642516289,0.0,default
-140.63476287659498,-16.86012642516289,0.0,default
-123.8093417806865,-16.86012642516289,0.0,default
-106.98392068477803,-16.86012642516289,0.0,default
-90.15849958886956,-16.86012642516289,0.0,default
-73.33307849296109,-16.86012642516289,0.0,default
-56.50765739705263,-16.86012642516289,0.0,default
-39.682236301144165,-16.86012642516289,0.0,default
-22.856815205235698,-16.86012642516289,0.0,default
-6.031394109327229,-16.86012642516289,0.0,default
10.794026986581239,-16.86012642516289,0.0,default
27.619448082489704,-16.86012642516289,0.0,default
44.4448691783982,-16.86012642516289,0.0,default
61.27029027430664,-16.86012642516289,0.0,default
78.09571137021508,-16.86012642516289,0.0,default
94.92113246612358,-16.86012642516289,0.0,default
111.74655356203208,-16.86012642516289,0.0,default
128.5719746579405,-16.86012642516289,0.0,default
145.39739575384894,-16.86012642516289,0.0,default
162.22281684975744,-16.86012642516289,0.0,default
179.04823794566593,-16.86012642516289,0.0,default
195.87365904157437,-16.86012642516289,0.0,default
212.6990801374828,-16.86012642516289,0.0,default
229.5245012333913,-16.86012642516289,0.0,default
246.3499223292998,-16.86012642516289,0.0,default
-233.17457890409153,-2.2888843267355696,0.0,default
-216.34915780818307,-2.2888843267355696,0.0,default
-199.5237367122746,-2.2888843267355696,0.0,default
-182.69831561636613,-2.2888843267355696,0.0,default
-165.87289452045766,-2.2888843267355696,0.0,default
-149.0474734245492,-2.2888843267355696,0.0,default
-132.22205232864073,-2.2888843267355696,0.0,default
-115.39663123273226,-2.2888843267355696,0.0,default
-98.5712101368238,-2.2888843267355696,0.0,default
-81.74578904091533,-2.2888843267355696,0.0,default
-64.92036794500686,-2.2888843267355696,0.0,default
-48.09494684909839,-2.2888843267355696,0.0,default
-31.269525753189924,-2.2888843267355696,0.0,default
-14.444104657281457,-2.2888843267355696,0.0,default
2.3813164386270103,-2.2888843267355696,0.0,default
19.206737534535478,-2.2888843267355696,0.0,default
36.03215863044397,-2.2888843267355696,0.0,default
52.85757972635241,-2.2888843267355696,0.0,default
69.68300082226085,-2.2888843267355696,0.0,default
86.50842191816935,-2.2888843267355696,0.0,default
103.33384301407784,-2.2888843267355696,0.0,default
120.15926410998628,-2.2888843267355696,0.0,default
136.98468520589472,-2.2888843267355696,0.0,default
153.81010630180322,-2.2888843267355696,0.0,default
170.6355273977117,-2.2888843267355696,0.0,default
187.46094849362015,-2.2888843267355696,0.0,default
204.2863695895286,-2.2888843267355696,0.0,default
221.1117906854371,-2.2888843267355696,0.0,default
237.93721178134558,-2.2888843267355696,0.0,default
-241.58728945204578,12.28235777169175,0.0,default
-224.7618683561373,12.28235777169175,0.0,default
-207.93644726022885,12.28235777169175,0.0,default
-191.11102616432038,12.28235777169175,0.0,default
-174.2856050684119,12.28235777169175,0.0,default
-157.46018397250344,12.28235777169175,0.0,default
-140.63476287659498,12.28235777169175,0.0,default
-123.8093417806865,12.28235777169175,0.0,default
-106.98392068477803,12.28235777169175,0.0,default
-90.15849958886956,12.28235777169175,0.0,default
-73.33307849296109,12.28235777169175,0.0,default
-56.50765739705263,12.28235777169175,0.0,default
-39.682236301144165,12.28235777169175,0.0,default
-22.856815205235698,12.28235777169175,0.0,default
-6.031394109327229,12.28235777169175,0.0,default
10.794026986581239,12.28235777169175,0.0,default
27.619448082489704,12.28235777169175,0.0,default
44.4448691783982,12.28235777169175,0.0,default
61.27029027430664,12.28235777169175,0.0,default
78.09571137021508,12.28235777169175,0.0,default
94.92113246612358,12.28235777169175,0.0,default
111.74655356203208,12.28235777169175,0.0,default
128.5719746579405,12.28235777169175,0.0,default
145.39739575384894,12.28235777169175,0.0,default
162.22281684975744,12.28235777169175,0.0,default
179.04823794566593,12.28235777169175,0.0,default
195.87365904157437,12.28235777169175,0.0,default
212.6990801374828,12.28235777169175,0.0,default
229.5245012333913,12.28235777169175,0.0,default
246.3499223292998,12.28235777169175,0.0,default
-233.17457890409153,26.85359987011907,0.0,default
-216.34915780818307,26.85359987011907,0.0,default
-199.5237367122746,26.85359987011907,0.0,default
-182.69831561636613,26.85359987011907,0.0,default
-165.87289452045766,26.85359987011907,0.0,default
-149.0474734245492,26.85359987011907,0.0,default
-132.22205232864073,26.85359987011907,0.0,default
-115.39663123273226,26.85359987011907,0.0,default
-98.5712101368238,26.85359987011907,0.0,default
-81.74578904091533,26.85359987011907,0.0,default
-64.92036794500686,26.85359987011907,0.0,default
-48.09494684909839,26.85359987011907,0.0,default
-31.269525753189924,26.85359987011907,0.0,default
-14.444104657281457,26.85359987011907,0.0,default
2.3813164386270103,26.85359987011907,0.0,default
19.206737534535478,26.85359987011907,0.0,default
36.03215863044397,26.85359987011907,0.0,default
52.85757972635241,26.85359987011907,0.0,default
69.68300082226085,26.85359987011907,0.0,default
86.50842191816935,26.85359987011907,0.0,default
103.33384301407784,26.85359987011907,0.0,default
120.15926410998628,26.85359987011907,0.0,default
136.98468520589472,26.85359987011907,0.0,default
153.81010630180322,26.85359987011907,0.0,default
170.6355273977117,26.85359987011907,0.0,default
187.46094849362015,26.85359987011907,0.0,default
204.2863695895286,26.85359987011907,0.0,default
221.1117906854371,26.85359987011907,0.0,default
237.93721178134558,26.85359987011907,0.0,default
-241.58728945204578,41.42484196854639,0.0,default
-224.7618683561373,41.42484196854639,0.0,default
-207.93644726022885,41.42484196854639,0.0,default
-191.11102616432038,41.42484196854639,0.0,default
-174.2856050684119,41.42484196854639,0.0,default
-157.46018397250344,41.42484196854639,0.0,default
-140.63476287659498,41.42484196854639,0.0,default
-123.8093417806865,41.42484196854639,0.0,default
-106.98392068477803,41.42484196854639,0.0,default
-90.15849958886956,41.42484196854639,0.0,default
-73.33307849296109,41.42484196854639,0.0,default
-56.50765739705263,41.42484196854639,0.0,default
-39.682236301144165,41.42484196854639,0.0,default
-22.856815205235698,41.42484196854639,0.0,default
-6.031394109327229,41.42484196854639,0.0,default
10.794026986581239,41.42484196854639,0.0,default
27.619448082489704,41.42484196854639,0.0,default
44.4448691783982,41.42484196854639,0.0,default
61.27029027430664,41.42484196854639,0.0,default
78.09571137021508,41.42484196854639,0.0,default
94.92113246612358,41.42484196854639,0.0,default
111.74655356203208,41.42484196854639,0.0,default
128.5719746579405,41.42484196854639,0.0,default
145.39739575384894,41.42484196854639,0.0,default
162.22281684975744,41.42484196854639,0.0,default
179.04823794566593,41.42484196854639,0.0,default
195.87365904157437,41.42484196854639,0.0,default
212.6990801374828,41.42484196854639,0.0,default
229.5245012333913,41.42484196854639,0.0,default
246.3499223292998,41.42484196854639,0.0,default
-233.17457890409153,55.99608406697371,0.0,default
-216.34915780818307,55.99608406697371,0.0,default
-199.5237367122746,55.99608406697371,0.0,default
-182.69831561636613,55.99608406697371,0.0,default
-165.87289452045766,55.99608406697371,0.0,default
-149.0474734245492,55.99608406697371,0.0,default
-132.22205232864073,55.99608406697371,0.0,default
-115.39663123273226,55.99608406697371,0.0,default
-98.5712101368238,55.99608406697371,0.0,default
-81.74578904091533,55.99608406697371,0.0,default
-64.92036794500686,55.99608406697371,0.0,default
-48.09494684909839,55.99608406697371,0.0,default
-31.269525753189924,55.99608406697371,0.0,default
-14.444104657281457,55.99608406697371,0.0,default
2.3813164386270103,55.99608406697371,0.0,default
19.206737534535478,55.99608406697371,0.0,default
36.03215863044397,55.99608406697371,0.0,default
52.85757972635241,55.99608406697371,0.0,default
69.68300082226085,55.99608406697371,0.0,default
86.50842191816935,55.99608406697371,0.0,default
103.33384301407784,55.99608406697371,0.0,default
120.15926410998628,55.99608406697371,0.0,default
136.98468520589472,55.99608406697371,0.0,default
153.81010630180322,55.99608406697371,0.0,default
170.6355273977117,55.99608406697371,0.0,default
187.46094849362015,55.99608406697371,0.0,default
204.2863695895286,55.99608406697371,0.0,default
221.1117906854371,55.99608406697371,0.0,default
237.93721178134558,55.99608406697371,0.0,default
-224.7618683561373,70.56732616540103,0.0,default
-207.93644726022885,70.56732616540103,0.0,default
-191.11102616432038,70.56732616540103,0.0,default
-174.2856050684119,70.56732616540103,0.0,default
-157.46018397250344,70.56732616540103,0.0,default
-140.63476287659498,70.56732616540103,0.0,default
-123.8093417806865,70.56732616540103,0.0,default
-106.98392068477803,70.56732616540103,0.0,default
-90.15849958886956,70.56732616540103,0.0,default
-73.33307849296109,70.56732616540103,0.0,default
-56.50765739705263,70.56732616540103,0.0,default
-39.682236301144165,70.56732616540103,0.0,default
-22.856815205235698,70.56732616540103,0.0,default
-6.031394109327229,70.56732616540103,0.0,default
10.794026986581239,70.56732616540103,0.0,default
27.619448082489704,70.56732616540103,0.0,default
44.4448691783982,70.56732616540103,0.0,default
61.27029027430664,70.56732616540103,0.0,default
78.09571137021508,70.56732616540103,0.0,default
94.92113246612358,70.56732616540103,0.0,default
111.74655356203208,70.56732616540103,0.0,default
128.5719746579405,70.56732616540103,0.0,default
145.39739575384894,70.56732616540103,0.0,default
162.22281684975744,70.56732616540103,0.0,default
179.04823794566593,70.56732616540103,0.0,default
195.87365904157437,70.56732616540103,0.0,default
212.6990801374828,70.56732616540103,0.0,default
229.5245012333913,70.56732616540103,0.0,default
-233.17457890409153,85.13856826382835,0.0,default
-216.34915780818307,85.13856826382835,0.0,default
-199.5237367122746,85.13856826382835,0.0,default
-182.69831561636613,85.13856826382835,0.0,default
-165.87289452045766,85.13856826382835,0.0,default
-149.0474734245492,85.13856826382835,0.0,default
-132.22205232864073,85.13856826382835,0.0,default
-115.39663123273226,85.13856826382835,0.0,default
-98.5712101368238,85.13856826382835,0.0,default
-81.74578904091533,85.13856826382835,0.0,default
-64.92036794500686,85.13856826382835,0.0,default
-48.09494684909839,85.13856826382835,0.0,default
-31.269525753189924,85.13856826382835,0.0,default
-14.444104657281457,85.13856826382835,0.0,default
2.3813164386270103,85.13856826382835,0.0,default
19.206737534535478,85.13856826382835,0.0,default
36.03215863044397,85.13856826382835,0.0,default
52.85757972635241,85.13856826382835,0.0,default
69.68300082226085,85.13856826382835,0.0,default
86.50842191816935,85.13856826382835,0.0,default
103.33384301407784,85.13856826382835,0.0,default
120.15926410998628,85.13856826382835,0.0,default
136.98468520589472,85.13856826382835,0.0,default
153.81010630180322,85.13856826382835,0.0,default
170.6355273977117,85.13856826382835,0.0,default
187.46094849362015,85.13856826382835,0.0,default
204.2863695895286,85.13856826382835,0.0,default
221.1117906854371,85.13856826382835,0.0,default
-224.7618683561373,99.70981036225567,0.0,default
-207.93644726022885,99.70981036225567,0.0,default
-191.11102616432038,99.70981036225567,0.0,default
-174.2856050684119,99.70981036225567,0.0,default
-157.46018397250344,99.70981036225567,0.0,default
-140.63476287659498,99.70981036225567,0.0,default
-123.8093417806865,99.70981036225567,0.0,default
-106.98392068477803,99.70981036225567,0.0,default
-90.15849958886956,99.70981036225567,0.0,default
-73.33307849296109,99.70981036225567,0.0,default
-56.50765739705263,99.70981036225567,0.0,default
-39.682236301144165,99.70981036225567,0.0,default
-22.856815205235698,99.70981036225567,0.0,default
-6.031394109327229,99.70981036225567,0.0,default
10.794026986581239,99.70981036225567,0.0,default
27.619448082489704,99.70981036225567,0.0,default
44.4448691783982,99.70981036225567,0.0,default
61.27029027430664,99.70981036225567,0.0,default
78.09571137021508,99.70981036225567,0.0,default
94.92113246612358,99.70981036225567,0.0,default
111.74655356203208,99.70981036225567,0.0,default
128.5719746579405,99.70981036225567,0.0,default
145.39739575384894,99.70981036225567,0.0,default
162.22281684975744,99.70981036225567,0.0,default
179.04823794566593,99.70981036225567,0.0,default
195.87365904157437,99.70981036225567,0.0,default
212.6990801374828,99.70981036225567,0.0,default
-216.34915780818307,114.28105246068299,0.0,default
-199.5237367122746,114.28105246068299,0.0,default
-182.69831561636613,114.28105246068299,0.0,default
-165.87289452045766,114.28105246068299,0.0,default
-149.0474734245492,114.28105246068299,0.0,default
-132.22205232864073,114.28105246068299,0.0,default
-115.39663123273226,114.28105246068299,0.0,default
-98.5712101368238,114.28105246068299,0.0,default
-81.74578904091533,114.28105246068299,0.0,default
-64.92036794500686,114.28105246068299,0.0,default
-48.09494684909839,114.28105246068299,0.0,default
-31.269525753189924,114.28105246068299,0.0,default
-14.444104657281457,114.28105246068299,0.0,default
2.3813164386270103,114.28105246068299,0.0,default
19.206737534535478,114.28105246068299,0.0,default
36.03215863044397,114.28105246068299,0.0,default
52.85757972635241,114.28105246068299,0.0,default
69.68300082226085,114.28105246068299,0.0,default
86.50842191816935,114.28105246068299,0.0,default
103.33384301407784,114.28105246068299,0.0,default
120.15926410998628,114.28105246068299,0.0,default
136.98468520589472,114.28105246068299,0.0,default
153.81010630180322,114.28105246068299,0.0,default
170.6355273977117,114.28105246068299,0.0,default
187.46094849362015,114.28105246068299,0.0,default
204.2863695895286,114.28105246068299,0.0,default
221.1117906854371,114.28105246068299,0.0,default
-207.93644726022885,128.8522945591103,0.0,default
-191.11102616432038,128.8522945591103,0.0,default
-174.2856050684119,128.8522945591103,0.0,default
-157.46018397250344,128.8522945591103,0.0,default
-140.63476287659498,128.8522945591103,0.0,default
-123.8093417806865,128.8522945591103,0.0,default
-106.98392068477803,128.8522945591103,0.0,default
-90.15849958886956,128.8522945591103,0.0,default
-73.33307849296109,128.8522945591103,0.0,default
-56.50765739705263,128.8522945591103,0.0,default
-39.682236301144165,128.8522945591103,0.0,default
-22.856815205235698,128.8522945591103,0.0,default
-6.031394109327229,128.8522945591103,0.0,default
10.794026986581239,128.8522945591103,0.0,default
27.619448082489704,128.8522945591103,0.0,default
44.4448691783982,128.8522945591103,0.0,default
61.27029027430664,128.8522945591103,0.0,default
78.09571137021508,128.8522945591103,0.0,default
94.92113246612358,128.8522945591103,0.0,default
111.74655356203208,128.8522945591103,0.0,default
128.5719746579405,128.8522945591103,0.0,default
145.39739575384894,128.8522945591103,0.0,default
162.22281684975744,128.8522945591103,0.0,default
179.04823794566593,128.8522945591103,0.0,default
195.87365904157437,128.8522945591103,0.0,default
212.6990801374828,128.8522945591103,0.0,default
-199.5237367122746,143.42353665753762,0.0,default
-182.69831561636613,143.42353665753762,0.0,default
-165.87289452045766,143.42353665753762,0.0,default
-149.0474734245492,143.42353665753762,0.0,default
-132.22205232864073,143.42353665753762,0.0,default
-115.39663123273226,143.42353665753762,0.0,default
-98.5712101368238,143.42353665753762,0.0,default
-81.74578904091533,143.42353665753762,0.0,default
-64.92036794500686,143.42353665753762,0.0,default
-48.09494684909839,143.42353665753762,0.0,default
-31.269525753189924,143.42353665753762,0.0,default
-14.444104657281457,143.42353665753762,0.0,default
2.3813164386270103,143.42353665753762,0.0,default
19.206737534535478,143.42353665753762,0.0,default
36.03215863044397,143.42353665753762,0.0,default
52.85757972635241,143.42353665753762,0.0,default
69.68300082226085,143.42353665753762,0.0,default
86.50842191816935,143.42353665753762,0.0,default
103.33384301407784,143.42353665753762,0.0,default
120.15926410998628,143.42353665753762,0.0,default
136.98468520589472,143.42353665753762,0.0,default
153.81010630180322,143.42353665753762,0.0,default
170.6355273977117,143.42353665753762,0.0,default
187.46094849362015,143.42353665753762,0.0,default
204.2863695895286,143.42353665753762,0.0,default
-191.11102616432038,157.99477875596494,0.0,default
-174.2856050684119,157.99477875596494,0.0,default
-157.46018397250344,157.99477875596494,0.0,default
-140.63476287659498,157.99477875596494,0.0,default
-123.8093417806865,157.99477875596494,0.0,default
-106.98392068477803,157.99477875596494,0.0,default
-90.15849958886956,157.99477875596494,0.0,default
-73.33307849296109,157.99477875596494,0.0,default
-56.50765739705263,157.99477875596494,0.0,default
-39.682236301144165,157.99477875596494,0.0,default
-22.856815205235698,157.99477875596494,0.0,default
-6.031394109327229,157.99477875596494,0.0,default
10.794026986581239,157.99477875596494,0.0,default
27.619448082489704,157.99477875596494,0.0,default
44.4448691783982,157.99477875596494,0.0,default
61.27029027430664,157.99477875596494,0.0,default
78.09571137021508,157.99477875596494,0.0,default
94.92113246612358,157.99477875596494,0.0,default
111.74655356203208,157.99477875596494,0.0,default
128.5719746579405,157.99477875596494,0.0,default
145.39739575384894,157.99477875596494,0.0,default
162.22281684975744,157.99477875596494,0.0,default
179.04823794566593,157.99477875596494,0.0,default
-165.87289452045766,172.56602085439226,0.0,default
-149.0474734245492,172.56602085439226,0.0,default
-132.22205232864073,172.56602085439226,0.0,default
-115.39663123273226,172.56602085439226,0.0,default
-98.5712101368238,172.56602085439226,0.0,default
-81.74578904091533,172.56602085439226,0.0,default
-64.92036794500686,172.56602085439226,0.0,default
-48.09494684909839,172.56602085439226,0.0,default
-31.269525753189924,172.56602085439226,0.0,default
-14.444104657281457,172.56602085439226,0.0,default
2.3813164386270103,172.56602085439226,0.0,default
19.206737534535478,172.56602085439226,0.0,default
36.03215863044397,172.56602085439226,0.0,default
52.85757972635241,172.56602085439226,0.0,default
69.68300082226085,172.56602085439226,0.0,default
86.50842191816935,172.56602085439226,0.0,default
103.33384301407784,172.56602085439226,0.0,default
120.15926410998628,172.56602085439226,0.0,default
136.98468520589472,172.56602085439226,0.0,default
153.81010630180322,172.56602085439226,0.0,default
170.6355273977117,172.56602085439226,0.0,default
-157.46018397250344,187.13726295281958,0.0,default
-140.63476287659498,187.13726295281958,0.0,default
-123.8093417806865,187.13726295281958,0.0,default
-106.98392068477803,187.13726295281958,0.0,default
-90.15849958886956,187.13726295281958,0.0,default
-73.33307849296109,187.13726295281958,0.0,default
-56.50765739705263,187.13726295281958,0.0,default
-39.682236301144165,187.13726295281958,0.0,default
-22.856815205235698,187.13726295281958,0.0,default
-6.031394109327229,187.13726295281958,0.0,default
10.794026986581239,187.13726295281958,0.0,default
27.619448082489704,187.13726295281958,0.0,default
44.4448691783982,187.13726295281958,0.0,default
61.27029027430664,187.13726295281958,0.0,default
78.09571137021508,187.13726295281958,0.0,default
94.92113246612358,187.13726295281958,0.0,default
111.74655356203208,187.13726295281958,0.0,default
128.5719746579405,187.13726295281958,0.0,default
145.39739575384894,187.13726295281958,0.0,default
162.22281684975744,187.13726295281958,0.0,default
-132.22205232864073,201.7085050512469,0.0,default
-115.39663123273226,201.7085050512469,0.0,default
-98.5712101368238,201.7085050512469,0.0,default
-81.74578904091533,201.7085050512469,0.0,default
-64.92036794500686,201.7085050512469,0.0,default
-48.09494684909839,201.7085050512469,0.0,default
-31.269525753189924,201.7085050512469,0.0,default
-14.444104657281457,201.7085050512469,0.0,default
2.3813164386270103,201.7085050512469,0.0,default
19.206737534535478,201.7085050512469,0.0,default
36.03215863044397,201.7085050512469,0.0,default
52.85757972635241,201.7085050512469,0.0,default
69.68300082226085,201.7085050512469,0.0,default
86.50842191816935,201.7085050512469,0.0,default
103.33384301407784,201.7085050512469,0.0,default
120.15926410998628,201.7085050512469,0.0,default
136.98468520589472,201.7085050512469,0.0,default
-123.8093417806865,216.27974714967422,0.0,default
-106.98392068477803,216.27974714967422,0.0,default
-90.15849958886956,216.27974714967422,0.0,default
-73.33307849296109,216.27974714967422,0.0,default
-56.50765739705263,216.27974714967422,0.0,default
-39.682236301144165,216.27974714967422,0.0,default
-22.856815205235698,216.27974714967422,0.0,default
-6.031394109327229,216.27974714967422,0.0,default
10.794026986581239,216.27974714967422,0.0,default
27.619448082489704,216.27974714967422,0.0,default
44.4448691783982,216.27974714967422,0.0,default
61.27029027430664,216.27974714967422,0.0,default
78.09571137021508,216.27974714967422,0.0,default
94.92113246612358,216.27974714967422,0.0,default
111.74655356203208,216.27974714967422,0.0,default
-81.74578904091533,230.85098924810154,0.0,default
-64.92036794500686,230.85098924810154,0.0,default
-48.09494684909839,230.85098924810154,0.0,default
-31.269525753189924,230.85098924810154,0.0,default
-14.444104657281457,230.85098924810154,0.0,default
2.3813164386270103,230.85098924810154,0.0,default
19.206737534535478,230.85098924810154,0.0,default
36.03215863044397,230.85098924810154,0.0,default
52.85757972635241,230.85098924810154,0.0,default
69.68300082226085,230.85098924810154,0.0,default
86.50842191816935,230.85098924810154,0.0,default
-39.682236301144165,245.42223134652886,0.0,default
-22.856815205235698,245.42223134652886,0.0,default
-6.031394109327229,245.42223134652886,0.0,default
10.794026986581239,245.42223134652886,0.0,default
27.619448082489704,245.42223134652886,0.0,default
44.4448691783982,245.42223134652886,0.0,default
