<?xml version="1.0" encoding="UTF-8"?>
<!--
/*
###############################################################################
# If you use PhysiCell in your project, please cite PhysiCell and the version #
# number, such as below:                                                      #
#                                                                             #
# We implemented and solved the model using PhysiCell (Version x.y.z) [1].    #
#                                                                             #
# [1] A Ghaffarizadeh, R Heiland, SH Friedman, SM Mumenthaler, and P Macklin, #
#     PhysiCell: an Open Source Physics-Based Cell Simulator for Multicellu-  #
#     lar Systems, PLoS Comput. Biol. 14(2): e1005991, 2018                   #
#     DOI: 10.1371/journal.pcbi.1005991                                       #
#                                                                             #
# See VERSION.txt or call get_PhysiCell_version() to get the current version  #
#     x.y.z. Call display_citations() to get detailed information on all cite-#
#     able software used in your PhysiCell application.                       #
#                                                                             #
# Because PhysiCell extensively uses BioFVM, we suggest you also cite BioFVM  #
#     as below:                                                               #
#                                                                             #
# We implemented and solved the model using PhysiCell (Version x.y.z) [1],    #
# with BioFVM [2] to solve the transport equations.                           #
#                                                                             #
# [1] A Ghaffarizadeh, R Heiland, SH Friedman, SM Mumenthaler, and P Macklin, #
#     PhysiCell: an Open Source Physics-Based Cell Simulator for Multicellu-  #
#     lar Systems, PLoS Comput. Biol. 14(2): e1005991, 2018                   #
#     DOI: 10.1371/journal.pcbi.1005991                                       #
#                                                                             #
# [2] A Ghaffarizadeh, SH Friedman, and P Macklin, BioFVM: an efficient para- #
#     llelized diffusive transport solver for 3-D biological simulations,     #
#     Bioinformatics 32(8): 1256-8, 2016. DOI: 10.1093/bioinformatics/btv730  #
#                                                                             #
###############################################################################
#                                                                             #
# BSD 3-Clause License (see https://opensource.org/licenses/BSD-3-Clause)     #
#                                                                             #
# Copyright (c) 2015-2018, Paul Macklin and the PhysiCell Project             #
# All rights reserved.                                                        #
#                                                                             #
# Redistribution and use in source and binary forms, with or without          #
# modification, are permitted provided that the following conditions are met: #
#                                                                             #
# 1. Redistributions of source code must retain the above copyright notice,   #
# this list of conditions and the following disclaimer.                       #
#                                                                             #
# 2. Redistributions in binary form must reproduce the above copyright        #
# notice, this list of conditions and the following disclaimer in the         #
# documentation and/or other materials provided with the distribution.        #
#                                                                             #
# 3. Neither the name of the copyright holder nor the names of its            #
# contributors may be used to endorse or promote products derived from this   #
# software without specific prior written permission.                         #
#                                                                             #
# THIS SOFTWARE IS PROVIDED BY THE COPYRIGHT HOLDERS AND CONTRIBUTORS "AS IS" #
# AND ANY EXPRESS OR IMPLIED WARRANTIES, INCLUDING, BUT NOT LIMITED TO, THE   #
# IMPLIED WARRANTIES OF MERCHANTABILITY AND FITNESS FOR A PARTICULAR PURPOSE  #
# ARE DISCLAIMED. IN NO EVENT SHALL THE COPYRIGHT HOLDER OR CONTRIBUTORS BE   #
# LIABLE FOR ANY DIRECT, INDIRECT, INCIDENTAL, SPECIAL, EXEMPLARY, OR         #
# CONSEQUENTIAL DAMAGES (INCLUDING, BUT NOT LIMITED TO, PROCUREMENT OF        #
# SUBSTITUTE GOODS OR SERVICES; LOSS OF USE, DATA, OR PROFITS; OR BUSINESS    #
# INTERRUPTION) HOWEVER CAUSED AND ON ANY THEORY OF LIABILITY, WHETHER IN     #
# CONTRACT, STRICT LIABILITY, OR TORT (INCLUDING NEGLIGENCE OR OTHERWISE)     #
# ARISING IN ANY WAY OUT OF THE USE OF THIS SOFTWARE, EVEN IF ADVISED OF THE  #
# POSSIBILITY OF SUCH DAMAGE.                                                 #
#                                                                             #
###############################################################################
*/
--> 

<!--
<user_details />
-->

<PhysiCell_settings version="devel-version">
	<domain>
		<x_min>-300</x_min>
		<x_max>300</x_max>
		<y_min>-300</y_min>
		<y_max>300</y_max>
		<z_min>-10</z_min>
		<z_max>10</z_max>
		<dx>20</dx>
		<dy>20</dy>
		<dz>20</dz>
		<use_2D>true</use_2D>
	</domain>
	
	<overall>
		<max_time units="min">300</max_time> <!-- 5 days * 24 h * 60 min -->
		<time_units>min</time_units>
		<space_units>micron</space_units>
	
		<dt_diffusion units="min">0.01</dt_diffusion>
		<dt_mechanics units="min">0.1</dt_mechanics>
		<dt_phenotype units="min">6</dt_phenotype>	
	</overall>
	
	<parallel>
		<omp_num_threads>1</omp_num_threads>
	</parallel> 
	
	<save>
		<folder>output</folder> <!-- use . for root --> 

		<full_data>
			<interval units="min">1</interval>
			<enable>true</enable>
		</full_data>
		
		<SVG>
			<interval units="min">1</interval>
			<enable>true</enable>
		</SVG>
		
		<legacy_data>
			<enable>false</enable>
		</legacy_data>
	</save>
	
	<options>
		<legacy_random_points_on_sphere_in_divide>false</legacy_random_points_on_sphere_in_divide>
	</options>	

	<microenvironment_setup>
		<variable name="oxygen" units="mmHg" ID="0">
			<physical_parameter_set>
				<diffusion_coefficient units="micron^2/min">0.0</diffusion_coefficient>
				<decay_rate units="1/min">0.0</decay_rate>  
			</physical_parameter_set>
			<initial_condition units="mmHg">99</initial_condition>
			<Dirichlet_boundary_condition units="mmHg" enabled="false">0</Dirichlet_boundary_condition>
		</variable>
		
		<variable name="lactate" units="mmHg" ID="1">
			<physical_parameter_set>
				<diffusion_coefficient units="micron^2/min">1000.0</diffusion_coefficient>
				<decay_rate units="1/min">0.0</decay_rate>  
			</physical_parameter_set>
			<initial_condition units="mmHg">0</initial_condition>
			<Dirichlet_boundary_condition units="mmHg" enabled="false">0.0</Dirichlet_boundary_condition>
 		</variable>

		<options>
			<calculate_gradients>true</calculate_gradients>
			<track_internalized_substrates_in_each_agent>true</track_internalized_substrates_in_each_agent>
			<!-- not yet supported --> 
			<initial_condition type="matlab" enabled="false">
				<filename>./config/initial.mat</filename>
			</initial_condition>
			<!-- not yet supported --> 
			<dirichlet_nodes type="matlab" enabled="false">
				<filename>./config/dirichlet.mat</filename>
			</dirichlet_nodes>
		</options>
	</microenvironment_setup>	
	
	<cell_definitions>
		<cell_definition name="default" ID="0">
			<phenotype>
				<cycle code="5" name="live">  
					<!-- using higher than normal significant digits to match divisions in default code -->
					<transition_rates units="1/min"> 
						<rate start_index="0" end_index="0" fixed_duration="false">0.0</rate>
					</transition_rates>
				</cycle>			
				<death>  
					<model code="100" name="apoptosis"> 
						<death_rate units="1/min">0.0</death_rate>
					</model> 
					<model code="101" name="necrosis">
						<death_rate units="1/min">0.0</death_rate>
					</model> 
				</death>					
				<volume>  
					<total units="micron^3">500</total>
					<fluid_change_rate units="1/min">0.0</fluid_change_rate>
					<cytoplasmic_biomass_change_rate units="1/min">0.0</cytoplasmic_biomass_change_rate>
					<nuclear_biomass_change_rate units="1/min">0.0</nuclear_biomass_change_rate>
				</volume> 				
				<motility> 
                	<speed units="micron/min">0.0</speed>
					<persistence_time units="min">0.1</persistence_time>
					<migration_bias units="dimensionless">.9</migration_bias>
					<options>
						<enabled>true</enabled>
						<use_2D>true</use_2D>
                        <chemotaxis>
							<enabled>false</enabled>
							<substrate>oxygen</substrate>
							<direction>1</direction>
						</chemotaxis>
					</options>
				</motility>
                <secretion>
					<substrate name="lactate">
						<secretion_rate units="1/min">1.0</secretion_rate>
						<secretion_target units="substrate density">10</secretion_target>
						<uptake_rate units="1/min">0.0</uptake_rate>
						<net_export_rate units="total substrate/min">0</net_export_rate> 
                    </substrate> 
				</secretion>
				<intracellular type="roadrunner">
					<sbml_filename>./config/Toy_oxy_mms_tr_01.xml</sbml_filename>
                    <map PC_substrate="oxygen" sbml_species="Oxy"></map >
                    <map PC_custom_data="test_CD" sbml_species="death_rate"></map>
                    <map PC_phenotype="ctr_0_0" sbml_species="transition_rate_0_1"></map>
                    <map PC_phenotype="sur_lactate" sbml_species="secretion_rate_Lactate"></map>                    
				</intracellular>
			</phenotype>
            <custom_data>  
				<test_CD units="dimensionless">0.0</test_CD> 
			</custom_data>
		</cell_definition>
    </cell_definitions>
	
	<user_parameters>
		<random_seed type="int" units="dimensionless">0</random_seed> 	
	</user_parameters>
	
</PhysiCell_settings>
