<PhysiCell_settings version="devel-version">
	<domain>
		<x_min>-400</x_min>
		<x_max>400</x_max>
		<y_min>-400</y_min>
		<y_max>400</y_max>
		<z_min>-10</z_min>
		<z_max>10</z_max>
		<dx>20</dx>
		<dy>20</dy>
		<dz>20</dz>
		<use_2D>true</use_2D>
	</domain>
	
	<overall>
		<max_time units="min">10080</max_time> 
		<time_units>min</time_units>
		<space_units>micron</space_units>
	
		<dt_diffusion units="min">0.01</dt_diffusion>
		<dt_mechanics units="min">0.1</dt_mechanics>
		<dt_phenotype units="min">6</dt_phenotype>	
	</overall>
	
	<parallel>
		<omp_num_threads>20</omp_num_threads>
	</parallel> 
	
	<save>
		<folder>output</folder>  

		<full_data>
			<interval units="min">180</interval>
			<enable>true</enable>
		</full_data>
		
		<SVG>
			<interval units="min">30</interval>
			<enable>true</enable>
		</SVG>
		
		<legacy_data>
			<enable>false</enable>
		</legacy_data>
	</save>
	
	<options>
		<legacy_random_points_on_sphere_in_divide>false</legacy_random_points_on_sphere_in_divide>
        <virtual_wall_at_domain_edge>true</virtual_wall_at_domain_edge>
	</options>	

	<microenvironment_setup>
		<variable name="resource" units="dimensionless" ID="0">
        <physical_parameter_set>
          <diffusion_coefficient units="micron^2/min">100000.0</diffusion_coefficient>
          <decay_rate units="1/min">0.1</decay_rate>
        </physical_parameter_set>
        <initial_condition units="mmHg">1</initial_condition>
        <Dirichlet_boundary_condition units="mmHg" enabled="False">1</Dirichlet_boundary_condition>
        <Dirichlet_options><boundary_value ID="xmin" enabled="False">1</boundary_value>
          <boundary_value ID="xmax" enabled="False">1</boundary_value>
          <boundary_value ID="ymin" enabled="False">1</boundary_value>
          <boundary_value ID="ymax" enabled="False">1</boundary_value>
          <boundary_value ID="zmin" enabled="False">1</boundary_value>
          <boundary_value ID="zmax" enabled="False">1</boundary_value>
        </Dirichlet_options>
        </variable>

      <variable name="toxin" units="dimensionless" ID="1">
        <physical_parameter_set>
          <diffusion_coefficient units="micron^2/min">100</diffusion_coefficient>
          <decay_rate units="1/min">0.1</decay_rate>
        </physical_parameter_set>
        <initial_condition units="mmHg">0</initial_condition>
        <Dirichlet_boundary_condition units="mmHg" enabled="False">0</Dirichlet_boundary_condition>
        <Dirichlet_options><boundary_value ID="xmin" enabled="False">0</boundary_value>
          <boundary_value ID="xmax" enabled="False">0</boundary_value>
          <boundary_value ID="ymin" enabled="False">0</boundary_value>
          <boundary_value ID="ymax" enabled="False">0</boundary_value>
          <boundary_value ID="zmin" enabled="False">0</boundary_value>
          <boundary_value ID="zmax" enabled="False">0</boundary_value>
        </Dirichlet_options>
        </variable>

      <variable name="quorum" units="dimensionless" ID="2">
        <physical_parameter_set>
          <diffusion_coefficient units="micron^2/min">1000</diffusion_coefficient>
          <decay_rate units="1/min">0.1</decay_rate>
        </physical_parameter_set>
        <initial_condition units="mmHg">0.0</initial_condition>
        <Dirichlet_boundary_condition units="mmHg" enabled="False">0.0</Dirichlet_boundary_condition>
        <Dirichlet_options><boundary_value ID="xmin" enabled="False" />
          <boundary_value ID="xmax" enabled="False" />
          <boundary_value ID="ymin" enabled="False" />
          <boundary_value ID="ymax" enabled="False" />
          <boundary_value ID="zmin" enabled="False" />
          <boundary_value ID="zmax" enabled="False" />
        </Dirichlet_options>
        </variable>

      <variable name="pro-inflammatory" units="dimensionless" ID="3">
        <physical_parameter_set>
          <diffusion_coefficient units="micron^2/min">1000</diffusion_coefficient>
          <decay_rate units="1/min">0.01</decay_rate>
        </physical_parameter_set>
        <initial_condition units="mmHg">0</initial_condition>
        <Dirichlet_boundary_condition units="mmHg" enabled="False">0</Dirichlet_boundary_condition>
        <Dirichlet_options><boundary_value ID="xmin" enabled="False">0</boundary_value>
          <boundary_value ID="xmax" enabled="False">0</boundary_value>
          <boundary_value ID="ymin" enabled="False">0</boundary_value>
          <boundary_value ID="ymax" enabled="False">0</boundary_value>
          <boundary_value ID="zmin" enabled="False">0</boundary_value>
          <boundary_value ID="zmax" enabled="False">0</boundary_value>
        </Dirichlet_options>
        </variable>

      <variable name="debris" units="dimensionless" ID="4">
        <physical_parameter_set>
          <diffusion_coefficient units="micron^2/min">1000</diffusion_coefficient>
          <decay_rate units="1/min">0.1</decay_rate>
        </physical_parameter_set>
        <initial_condition units="mmHg">0.0</initial_condition>
        <Dirichlet_boundary_condition units="mmHg" enabled="False">0.0</Dirichlet_boundary_condition>
        <Dirichlet_options><boundary_value ID="xmin" enabled="False" />
          <boundary_value ID="xmax" enabled="False" />
          <boundary_value ID="ymin" enabled="False" />
          <boundary_value ID="ymax" enabled="False" />
          <boundary_value ID="zmin" enabled="False" />
          <boundary_value ID="zmax" enabled="False" />
        </Dirichlet_options>
        </variable>

      <options>
			<calculate_gradients>true</calculate_gradients>
			<track_internalized_substrates_in_each_agent>true</track_internalized_substrates_in_each_agent>
			 
			<initial_condition enabled="false" type="matlab">
				<filename>./config/initial.mat</filename>
			</initial_condition>
			 
			<dirichlet_nodes enabled="false" type="matlab">
				<filename>./config/dirichlet.mat</filename>
			</dirichlet_nodes>
		</options>
	</microenvironment_setup>	
	
	<cell_definitions>
      <cell_definition name="bacteria" ID="0">
        <phenotype>
          <cycle code="5" name="live">
            <phase_transition_rates units="1/min">
              <rate start_index="0" end_index="0" fixed_duration="false">0.00028</rate>
            </phase_transition_rates>
            </cycle>

          <death>
            <model code="100" name="apoptosis">
              <death_rate units="1/min">0.00028</death_rate>
              <phase_durations units="min">
                <duration index="0" fixed_duration="true">516</duration>
              </phase_durations>
              <parameters>
                <unlysed_fluid_change_rate units="1/min">0.05</unlysed_fluid_change_rate>
                <lysed_fluid_change_rate units="1/min">0</lysed_fluid_change_rate>
                <cytoplasmic_biomass_change_rate units="1/min">1.66667e-02</cytoplasmic_biomass_change_rate>
                <nuclear_biomass_change_rate units="1/min">5.83333e-03</nuclear_biomass_change_rate>
                <calcification_rate units="1/min">0</calcification_rate>
                <relative_rupture_volume units="dimensionless">2.0</relative_rupture_volume>
              </parameters>
            </model>
            <model code="101" name="necrosis">
              <death_rate units="1/min">0.0</death_rate>
              <phase_durations units="min">
                <duration index="0" fixed_duration="true">0</duration>
              <duration index="1" fixed_duration="true">86400</duration>
              </phase_durations>
              <parameters>
                <unlysed_fluid_change_rate units="1/min">0.05</unlysed_fluid_change_rate>
                <lysed_fluid_change_rate units="1/min">0</lysed_fluid_change_rate>
                <cytoplasmic_biomass_change_rate units="1/min">1.66667e-02</cytoplasmic_biomass_change_rate>
                <nuclear_biomass_change_rate units="1/min">5.83333e-03</nuclear_biomass_change_rate>
                <calcification_rate units="1/min">0</calcification_rate>
                <relative_rupture_volume units="dimensionless">2.0</relative_rupture_volume>
              </parameters>
            </model>
          </death>

          <volume>
            <total>500</total>
            <fluid_fraction>0.75</fluid_fraction>
            <nuclear>499</nuclear>
            <fluid_change_rate>0.05</fluid_change_rate>
            <cytoplasmic_biomass_change_rate>0.0045</cytoplasmic_biomass_change_rate>
            <nuclear_biomass_change_rate>0.0055</nuclear_biomass_change_rate>
            <calcified_fraction>0</calcified_fraction>
            <calcification_rate>0</calcification_rate>
            <relative_rupture_volume>2.0</relative_rupture_volume>
          </volume>

          <mechanics>
            <cell_cell_adhesion_strength units="micron/min">0.04</cell_cell_adhesion_strength>
            <cell_cell_repulsion_strength units="micron/min">20.0</cell_cell_repulsion_strength>
            <relative_maximum_adhesion_distance units="dimensionless">1.25</relative_maximum_adhesion_distance>
            <options>
              <set_relative_equilibrium_distance enabled="false" units="dimensionless">1.8</set_relative_equilibrium_distance>
              <set_absolute_equilibrium_distance enabled="false" units="micron">15.12</set_absolute_equilibrium_distance>
            </options>
          </mechanics>

          <motility>
            <speed>1</speed>
            <persistence_time>5</persistence_time>
            <migration_bias>0.2</migration_bias>
            <options>
              <enabled>true</enabled>
              <use_2D>true</use_2D>
              <chemotaxis>
                <enabled>false</enabled>
                <substrate>resource</substrate>
                <direction>1</direction>
              </chemotaxis>

              <advanced_chemotaxis>
                <enabled>false></enabled>
                <normalize_each_gradient>false</normalize_each_gradient>
                <chemotactic_sensitivities>
                  <chemotactic_sensitivity substrate="resource">0</chemotactic_sensitivity> 
                  <chemotactic_sensitivity substrate="toxin">0</chemotactic_sensitivity> 
                  <chemotactic_sensitivity substrate="quorum">0</chemotactic_sensitivity> 
                  <chemotactic_sensitivity substrate="pro-inflammatory">0</chemotactic_sensitivity> 
                  <chemotactic_sensitivity substrate="debris">0</chemotactic_sensitivity> 
                </chemotactic_sensitivities>
              </advanced_chemotaxis>

            </options>
          </motility>

          <secretion>
            <substrate name="resource">
              <secretion_rate units="1/min">0</secretion_rate>
              <secretion_target units="substrate density">1</secretion_target>
              <uptake_rate units="1/min">30</uptake_rate>
              <net_export_rate units="total substrate/min">0</net_export_rate>
            </substrate>
            <substrate name="toxin">
              <secretion_rate units="1/min">0.0</secretion_rate>
              <secretion_target units="substrate density">0.0</secretion_target>
              <uptake_rate units="1/min">0.0</uptake_rate>
              <net_export_rate units="total substrate/min">100</net_export_rate>
            </substrate>
            <substrate name="quorum">
              <secretion_rate units="1/min">0</secretion_rate>
              <secretion_target units="substrate density">0.0</secretion_target>
              <uptake_rate units="1/min">0.0</uptake_rate>
              <net_export_rate units="total substrate/min">1</net_export_rate>
            </substrate>
            <substrate name="pro-inflammatory">
              <secretion_rate units="1/min">0.0</secretion_rate>
              <secretion_target units="substrate density">0.0</secretion_target>
              <uptake_rate units="1/min">0.0</uptake_rate>
              <net_export_rate units="total substrate/min">0.0</net_export_rate>
            </substrate>
            <substrate name="debris">
              <secretion_rate units="1/min">0.0</secretion_rate>
              <secretion_target units="substrate density">0.0</secretion_target>
              <uptake_rate units="1/min">0.0</uptake_rate>
              <net_export_rate units="total substrate/min">0.0</net_export_rate>
            </substrate>
            </secretion>
            <cell_interactions>
              <dead_phagocytosis_rate units="1/min">0</dead_phagocytosis_rate>
              <live_phagocytosis_rates>
                <phagocytosis_rate name="bacteria" units="1/min">0</phagocytosis_rate>
                <phagocytosis_rate name="blood vessel" units="1/min">0</phagocytosis_rate>
                <phagocytosis_rate name="stem" units="1/min">0</phagocytosis_rate>
                <phagocytosis_rate name="differentiated" units="1/min">0</phagocytosis_rate>
                <phagocytosis_rate name="macrophage" units="1/min">0</phagocytosis_rate>
                <phagocytosis_rate name="CD8+ T cell" units="1/min">0</phagocytosis_rate>
                <phagocytosis_rate name="neutrophil" units="1/min">0</phagocytosis_rate>
              </live_phagocytosis_rates>
              <attack_rates>
                <attack_rate name="bacteria" units="1/min">0</attack_rate>
                <attack_rate name="blood vessel" units="1/min">0</attack_rate>
                <attack_rate name="stem" units="1/min">0</attack_rate>
                <attack_rate name="differentiated" units="1/min">0</attack_rate>
                <attack_rate name="macrophage" units="1/min">0</attack_rate>
                <attack_rate name="CD8+ T cell" units="1/min">0</attack_rate>
                <attack_rate name="neutrophil" units="1/min">0</attack_rate>
              </attack_rates>
              <damage_rate units="1/min">0</damage_rate>
              <fusion_rates>
                <fusion_rate name="bacteria" units="1/min">0</fusion_rate>
                <fusion_rate name="blood vessel" units="1/min">0</fusion_rate>
                <fusion_rate name="stem" units="1/min">0</fusion_rate>
                <fusion_rate name="differentiated" units="1/min">0</fusion_rate>
                <fusion_rate name="macrophage" units="1/min">0</fusion_rate>
                <fusion_rate name="CD8+ T cell" units="1/min">0</fusion_rate>
                <fusion_rate name="neutrophil" units="1/min">0</fusion_rate>
              </fusion_rates>
            </cell_interactions>
            <cell_transformations>
              <transformation_rates>
                <transformation_rate name="bacteria" units="1/min">0</transformation_rate>
                <transformation_rate name="blood vessel" units="1/min">0</transformation_rate>
                <transformation_rate name="stem" units="1/min">0</transformation_rate>
                <transformation_rate name="differentiated" units="1/min">0</transformation_rate>
                <transformation_rate name="macrophage" units="1/min">0</transformation_rate>
                <transformation_rate name="CD8+ T cell" units="1/min">0</transformation_rate>
                <transformation_rate name="neutrophil" units="1/min">0</transformation_rate>
              </transformation_rates>
            </cell_transformations>
          </phenotype>
        <custom_data>
          <cycling_entry_threshold_resource units="" description="">0.15</cycling_entry_threshold_resource>
          <necrosis_saturation_resource units="" description="">0.075</necrosis_saturation_resource>
          <necrosis_threshold_resource units="" description="">0.15</necrosis_threshold_resource>
          <migration_speed_halfmax units="" description="">0.25</migration_speed_halfmax>
          <migration_bias_halfmax units="" description="">0.5</migration_bias_halfmax>
          <toxicity_halfmax units="" description="">0.0</toxicity_halfmax>
          <relative_max_toxicity units="" description="">0.0</relative_max_toxicity>
          <cycling_contact_halfmax units="" description="">0.0</cycling_contact_halfmax>
          <differentiation_contact_halfmax units="" description="">0.0</differentiation_contact_halfmax>
          <damage_halfmax units="" description="">36</damage_halfmax>
          <relative_max_damage_death units="" description="">100</relative_max_damage_death>
          <cycling_pressure_halfmax units="" description="">0.0</cycling_pressure_halfmax>
          <secretion_halfmax units="" description="">0.0</secretion_halfmax>
          <debris_sensitivity units="" description="">0.0</debris_sensitivity>
          <quorum_sensitivity units="" description="">0.0</quorum_sensitivity>
          <inflammation_sensitivity units="" description="">0.0</inflammation_sensitivity>
        </custom_data>
          </cell_definition>

      <cell_definition name="blood vessel" ID="1">
        <phenotype>
          <cycle code="5" name="live">
            <phase_transition_rates units="1/min">
              <rate start_index="0" end_index="0" fixed_duration="false">0</rate>
            </phase_transition_rates>
            </cycle>

          <death>
            <model code="100" name="apoptosis">
              <death_rate units="1/min">0</death_rate>
              <phase_durations units="min">
                <duration index="0" fixed_duration="true">516</duration>
              </phase_durations>
              <parameters>
                <unlysed_fluid_change_rate units="1/min">0.05</unlysed_fluid_change_rate>
                <lysed_fluid_change_rate units="1/min">0</lysed_fluid_change_rate>
                <cytoplasmic_biomass_change_rate units="1/min">1.66667e-02</cytoplasmic_biomass_change_rate>
                <nuclear_biomass_change_rate units="1/min">5.83333e-03</nuclear_biomass_change_rate>
                <calcification_rate units="1/min">0</calcification_rate>
                <relative_rupture_volume units="dimensionless">2.0</relative_rupture_volume>
              </parameters>
            </model>
            <model code="101" name="necrosis">
              <death_rate units="1/min">0.0</death_rate>
              <phase_durations units="min">
                <duration index="0" fixed_duration="true">0</duration>
              <duration index="1" fixed_duration="true">86400</duration>
              </phase_durations>
              <parameters>
                <unlysed_fluid_change_rate units="1/min">0.05</unlysed_fluid_change_rate>
                <lysed_fluid_change_rate units="1/min">0</lysed_fluid_change_rate>
                <cytoplasmic_biomass_change_rate units="1/min">1.66667e-02</cytoplasmic_biomass_change_rate>
                <nuclear_biomass_change_rate units="1/min">5.83333e-03</nuclear_biomass_change_rate>
                <calcification_rate units="1/min">0</calcification_rate>
                <relative_rupture_volume units="dimensionless">2.0</relative_rupture_volume>
              </parameters>
            </model>
          </death>

          <volume>
            <total>2494</total>
            <fluid_fraction>0.75</fluid_fraction>
            <nuclear>540</nuclear>
            <fluid_change_rate>0.05</fluid_change_rate>
            <cytoplasmic_biomass_change_rate>0.0045</cytoplasmic_biomass_change_rate>
            <nuclear_biomass_change_rate>0.0055</nuclear_biomass_change_rate>
            <calcified_fraction>0</calcified_fraction>
            <calcification_rate>0</calcification_rate>
            <relative_rupture_volume>2.0</relative_rupture_volume>
          </volume>

          <mechanics>
            <cell_cell_adhesion_strength units="micron/min">0.4</cell_cell_adhesion_strength>
            <cell_cell_repulsion_strength units="micron/min">10.0</cell_cell_repulsion_strength>
            <relative_maximum_adhesion_distance units="dimensionless">1.25</relative_maximum_adhesion_distance>
            <options>
              <set_relative_equilibrium_distance enabled="false" units="dimensionless">1.8</set_relative_equilibrium_distance>
              <set_absolute_equilibrium_distance enabled="false" units="micron">15.12</set_absolute_equilibrium_distance>
            </options>
          </mechanics>

          <motility>
            <speed>1</speed>
            <persistence_time>1</persistence_time>
            <migration_bias>.5</migration_bias>
            <options>
              <enabled>false</enabled>
              <use_2D>true</use_2D>
              <chemotaxis>
                <enabled>false</enabled>
                <substrate>debris</substrate>
                <direction>1</direction>
              </chemotaxis>

              <advanced_chemotaxis>
                <enabled>false></enabled>
                <normalize_each_gradient>false</normalize_each_gradient>
                <chemotactic_sensitivities>
                  <chemotactic_sensitivity substrate="resource">0</chemotactic_sensitivity> 
                  <chemotactic_sensitivity substrate="toxin">0</chemotactic_sensitivity> 
                  <chemotactic_sensitivity substrate="quorum">0</chemotactic_sensitivity> 
                  <chemotactic_sensitivity substrate="pro-inflammatory">0</chemotactic_sensitivity> 
                  <chemotactic_sensitivity substrate="debris">0</chemotactic_sensitivity> 
                </chemotactic_sensitivities>
              </advanced_chemotaxis>

            </options>
          </motility>

          <secretion>
            <substrate name="resource">
              <secretion_rate units="1/min">1000</secretion_rate>
              <secretion_target units="substrate density">1</secretion_target>
              <uptake_rate units="1/min">0</uptake_rate>
              <net_export_rate units="total substrate/min">0</net_export_rate>
            </substrate>
            <substrate name="toxin">
              <secretion_rate units="1/min">0.0</secretion_rate>
              <secretion_target units="substrate density">0.0</secretion_target>
              <uptake_rate units="1/min">0</uptake_rate>
              <net_export_rate units="total substrate/min">0.0</net_export_rate>
            </substrate>
            <substrate name="quorum">
              <secretion_rate units="1/min">0.0</secretion_rate>
              <secretion_target units="substrate density">0.0</secretion_target>
              <uptake_rate units="1/min">0</uptake_rate>
              <net_export_rate units="total substrate/min">0.0</net_export_rate>
            </substrate>
            <substrate name="pro-inflammatory">
              <secretion_rate units="1/min">0.0</secretion_rate>
              <secretion_target units="substrate density">0.0</secretion_target>
              <uptake_rate units="1/min">0.0</uptake_rate>
              <net_export_rate units="total substrate/min">0.0</net_export_rate>
            </substrate>
            <substrate name="debris">
              <secretion_rate units="1/min">0.0</secretion_rate>
              <secretion_target units="substrate density">0.0</secretion_target>
              <uptake_rate units="1/min">0.0</uptake_rate>
              <net_export_rate units="total substrate/min">0.0</net_export_rate>
            </substrate>
            </secretion>
            <cell_interactions>
              <dead_phagocytosis_rate units="1/min">0</dead_phagocytosis_rate>
              <live_phagocytosis_rates>
                <phagocytosis_rate name="bacteria" units="1/min">0</phagocytosis_rate>
                <phagocytosis_rate name="blood vessel" units="1/min">0</phagocytosis_rate>
                <phagocytosis_rate name="stem" units="1/min">0</phagocytosis_rate>
                <phagocytosis_rate name="differentiated" units="1/min">0</phagocytosis_rate>
                <phagocytosis_rate name="macrophage" units="1/min">0</phagocytosis_rate>
                <phagocytosis_rate name="CD8+ T cell" units="1/min">0</phagocytosis_rate>
                <phagocytosis_rate name="neutrophil" units="1/min">0</phagocytosis_rate>
              </live_phagocytosis_rates>
              <attack_rates>
                <attack_rate name="bacteria" units="1/min">0</attack_rate>
                <attack_rate name="blood vessel" units="1/min">0</attack_rate>
                <attack_rate name="stem" units="1/min">0</attack_rate>
                <attack_rate name="differentiated" units="1/min">0</attack_rate>
                <attack_rate name="macrophage" units="1/min">0</attack_rate>
                <attack_rate name="CD8+ T cell" units="1/min">0</attack_rate>
                <attack_rate name="neutrophil" units="1/min">0</attack_rate>
              </attack_rates>
              <damage_rate units="1/min">0</damage_rate>
              <fusion_rates>
                <fusion_rate name="bacteria" units="1/min">0</fusion_rate>
                <fusion_rate name="blood vessel" units="1/min">0</fusion_rate>
                <fusion_rate name="stem" units="1/min">0</fusion_rate>
                <fusion_rate name="differentiated" units="1/min">0</fusion_rate>
                <fusion_rate name="macrophage" units="1/min">0</fusion_rate>
                <fusion_rate name="CD8+ T cell" units="1/min">0</fusion_rate>
                <fusion_rate name="neutrophil" units="1/min">0</fusion_rate>
              </fusion_rates>
            </cell_interactions>
            <cell_transformations>
              <transformation_rates>
                <transformation_rate name="bacteria" units="1/min">0</transformation_rate>
                <transformation_rate name="blood vessel" units="1/min">0</transformation_rate>
                <transformation_rate name="stem" units="1/min">0</transformation_rate>
                <transformation_rate name="differentiated" units="1/min">0</transformation_rate>
                <transformation_rate name="macrophage" units="1/min">0</transformation_rate>
                <transformation_rate name="CD8+ T cell" units="1/min">0</transformation_rate>
                <transformation_rate name="neutrophil" units="1/min">0</transformation_rate>
              </transformation_rates>
            </cell_transformations>

          </phenotype>
        <custom_data>
          <cycling_entry_threshold_resource units="" description="">0.15</cycling_entry_threshold_resource>
          <necrosis_saturation_resource units="" description="">0.075</necrosis_saturation_resource>
          <necrosis_threshold_resource units="" description="">0.15</necrosis_threshold_resource>
          <migration_speed_halfmax units="" description="">0.0</migration_speed_halfmax>
          <migration_bias_halfmax units="" description="">0.0</migration_bias_halfmax>
          <toxicity_halfmax units="" description="">0.0</toxicity_halfmax>
          <relative_max_toxicity units="" description="">0.0</relative_max_toxicity>
          <cycling_contact_halfmax units="" description="">0.0</cycling_contact_halfmax>
          <differentiation_contact_halfmax units="" description="">0.0</differentiation_contact_halfmax>
          <damage_halfmax units="" description="">0.0</damage_halfmax>
          <relative_max_damage_death units="" description="">0.0</relative_max_damage_death>
          <cycling_pressure_halfmax units="" description="">0.0</cycling_pressure_halfmax>
          <secretion_halfmax units="" description="">0.0</secretion_halfmax>
          <debris_sensitivity units="" description="">0.0</debris_sensitivity>
          <quorum_sensitivity units="" description="">0.0</quorum_sensitivity>
          <inflammation_sensitivity units="" description="">0.0</inflammation_sensitivity>
        </custom_data>
          </cell_definition>

      <cell_definition name="stem" ID="2">
        <phenotype>
          <cycle code="5" name="live">
            <phase_transition_rates units="1/min">
              <rate start_index="0" end_index="0" fixed_duration="false">0.002</rate>
            </phase_transition_rates>
            </cycle>

          <death>
            <model code="100" name="apoptosis">
              <death_rate units="1/min">5.3e-08</death_rate>
              <phase_durations units="min">
                <duration index="0" fixed_duration="true">516</duration>
              </phase_durations>
              <parameters>
                <unlysed_fluid_change_rate units="1/min">0.05</unlysed_fluid_change_rate>
                <lysed_fluid_change_rate units="1/min">0</lysed_fluid_change_rate>
                <cytoplasmic_biomass_change_rate units="1/min">1.66667e-02</cytoplasmic_biomass_change_rate>
                <nuclear_biomass_change_rate units="1/min">5.83333e-03</nuclear_biomass_change_rate>
                <calcification_rate units="1/min">0</calcification_rate>
                <relative_rupture_volume units="dimensionless">2.0</relative_rupture_volume>
              </parameters>
            </model>
            <model code="101" name="necrosis">
              <death_rate units="1/min">0.0</death_rate>
              <phase_durations units="min">
                <duration index="0" fixed_duration="true">0</duration>
              <duration index="1" fixed_duration="true">86400</duration>
              </phase_durations>
              <parameters>
                <unlysed_fluid_change_rate units="1/min">0.05</unlysed_fluid_change_rate>
                <lysed_fluid_change_rate units="1/min">0</lysed_fluid_change_rate>
                <cytoplasmic_biomass_change_rate units="1/min">1.66667e-02</cytoplasmic_biomass_change_rate>
                <nuclear_biomass_change_rate units="1/min">5.83333e-03</nuclear_biomass_change_rate>
                <calcification_rate units="1/min">0</calcification_rate>
                <relative_rupture_volume units="dimensionless">2.0</relative_rupture_volume>
              </parameters>
            </model>
          </death>

          <volume>
            <total>2494</total>
            <fluid_fraction>0.75</fluid_fraction>
            <nuclear>540</nuclear>
            <fluid_change_rate>0.05</fluid_change_rate>
            <cytoplasmic_biomass_change_rate>0.0045</cytoplasmic_biomass_change_rate>
            <nuclear_biomass_change_rate>0.0055</nuclear_biomass_change_rate>
            <calcified_fraction>0</calcified_fraction>
            <calcification_rate>0</calcification_rate>
            <relative_rupture_volume>2.0</relative_rupture_volume>
          </volume>

          <mechanics>
            <cell_cell_adhesion_strength units="micron/min">0.4</cell_cell_adhesion_strength>
            <cell_cell_repulsion_strength units="micron/min">10.0</cell_cell_repulsion_strength>
            <relative_maximum_adhesion_distance units="dimensionless">1.25</relative_maximum_adhesion_distance>
            <options>
              <set_relative_equilibrium_distance enabled="false" units="dimensionless">1.8</set_relative_equilibrium_distance>
              <set_absolute_equilibrium_distance enabled="false" units="micron">15.12</set_absolute_equilibrium_distance>
            </options>
          </mechanics>

          <motility>
            <speed>1</speed>
            <persistence_time>1</persistence_time>
            <migration_bias>.5</migration_bias>
            <options>
              <enabled>false</enabled>
              <use_2D>true</use_2D>
              <chemotaxis>
                <enabled>false</enabled>
                <substrate>debris</substrate>
                <direction>1</direction>
              </chemotaxis>

              <advanced_chemotaxis>
                <enabled>false></enabled>
                <normalize_each_gradient>false</normalize_each_gradient>
                <chemotactic_sensitivities>
                  <chemotactic_sensitivity substrate="resource">0</chemotactic_sensitivity> 
                  <chemotactic_sensitivity substrate="toxin">0</chemotactic_sensitivity> 
                  <chemotactic_sensitivity substrate="quorum">0</chemotactic_sensitivity> 
                  <chemotactic_sensitivity substrate="pro-inflammatory">0</chemotactic_sensitivity> 
                  <chemotactic_sensitivity substrate="debris">0</chemotactic_sensitivity> 
                </chemotactic_sensitivities>
              </advanced_chemotaxis>
               
            </options>
          </motility>

          <secretion>
            <substrate name="resource">
              <secretion_rate units="1/min">0</secretion_rate>
              <secretion_target units="substrate density">1</secretion_target>
              <uptake_rate units="1/min">1</uptake_rate>
              <net_export_rate units="total substrate/min">0</net_export_rate>
            </substrate>
            <substrate name="toxin">
              <secretion_rate units="1/min">0.0</secretion_rate>
              <secretion_target units="substrate density">0.0</secretion_target>
              <uptake_rate units="1/min">0</uptake_rate>
              <net_export_rate units="total substrate/min">0.0</net_export_rate>
            </substrate>
            <substrate name="quorum">
              <secretion_rate units="1/min">0.0</secretion_rate>
              <secretion_target units="substrate density">0.0</secretion_target>
              <uptake_rate units="1/min">0.0</uptake_rate>
              <net_export_rate units="total substrate/min">0.0</net_export_rate>
            </substrate>
            <substrate name="pro-inflammatory">
              <secretion_rate units="1/min">0.0</secretion_rate>
              <secretion_target units="substrate density">0.0</secretion_target>
              <uptake_rate units="1/min">0.0</uptake_rate>
              <net_export_rate units="total substrate/min">0.0</net_export_rate>
            </substrate>
            <substrate name="debris">
              <secretion_rate units="1/min">0.0</secretion_rate>
              <secretion_target units="substrate density">0.0</secretion_target>
              <uptake_rate units="1/min">0.0</uptake_rate>
              <net_export_rate units="total substrate/min">0.0</net_export_rate>
            </substrate>
            </secretion>
            <cell_interactions>
              <dead_phagocytosis_rate units="1/min">0</dead_phagocytosis_rate>
              <live_phagocytosis_rates>
                <phagocytosis_rate name="bacteria" units="1/min">0</phagocytosis_rate>
                <phagocytosis_rate name="blood vessel" units="1/min">0</phagocytosis_rate>
                <phagocytosis_rate name="stem" units="1/min">0</phagocytosis_rate>
                <phagocytosis_rate name="differentiated" units="1/min">0</phagocytosis_rate>
                <phagocytosis_rate name="macrophage" units="1/min">0</phagocytosis_rate>
                <phagocytosis_rate name="CD8+ T cell" units="1/min">0</phagocytosis_rate>
                <phagocytosis_rate name="neutrophil" units="1/min">0</phagocytosis_rate>
              </live_phagocytosis_rates>
              <attack_rates>
                <attack_rate name="bacteria" units="1/min">0</attack_rate>
                <attack_rate name="blood vessel" units="1/min">0</attack_rate>
                <attack_rate name="stem" units="1/min">0</attack_rate>
                <attack_rate name="differentiated" units="1/min">0</attack_rate>
                <attack_rate name="macrophage" units="1/min">0</attack_rate>
                <attack_rate name="CD8+ T cell" units="1/min">0</attack_rate>
                <attack_rate name="neutrophil" units="1/min">0</attack_rate>
              </attack_rates>
              <damage_rate units="1/min">0</damage_rate>
              <fusion_rates>
                <fusion_rate name="bacteria" units="1/min">0</fusion_rate>
                <fusion_rate name="blood vessel" units="1/min">0</fusion_rate>
                <fusion_rate name="stem" units="1/min">0</fusion_rate>
                <fusion_rate name="differentiated" units="1/min">0</fusion_rate>
                <fusion_rate name="macrophage" units="1/min">0</fusion_rate>
                <fusion_rate name="CD8+ T cell" units="1/min">0</fusion_rate>
                <fusion_rate name="neutrophil" units="1/min">0</fusion_rate>
              </fusion_rates>
            </cell_interactions>
            <cell_transformations>
              <transformation_rates>              
                <transformation_rate name="bacteria" units="1/min">0</transformation_rate>
                <transformation_rate name="blood vessel" units="1/min">0</transformation_rate>
                <transformation_rate name="stem" units="1/min">0</transformation_rate>
                <transformation_rate name="differentiated" units="1/min">0.0001</transformation_rate>
                <transformation_rate name="macrophage" units="1/min">0</transformation_rate>
                <transformation_rate name="CD8+ T cell" units="1/min">0</transformation_rate>
                <transformation_rate name="neutrophil" units="1/min">0</transformation_rate>
              </transformation_rates>
            </cell_transformations>

          </phenotype>
        <custom_data>
          <cycling_entry_threshold_resource units="" description="">0.15</cycling_entry_threshold_resource>
          <necrosis_saturation_resource units="" description="">0.075</necrosis_saturation_resource>
          <necrosis_threshold_resource units="" description="">0.15</necrosis_threshold_resource>
          <migration_speed_halfmax units="" description="">0.0</migration_speed_halfmax>
          <migration_bias_halfmax units="" description="">0.0</migration_bias_halfmax>
          <toxicity_halfmax units="" description="">0.4</toxicity_halfmax>
          <relative_max_toxicity units="" description="">100</relative_max_toxicity>
          <cycling_contact_halfmax units="" description="">0.1</cycling_contact_halfmax>
          <differentiation_contact_halfmax units="" description="">0.1</differentiation_contact_halfmax>
          <damage_halfmax units="" description="">0.0</damage_halfmax>
          <relative_max_damage_death units="" description="">0.0</relative_max_damage_death>
          <cycling_pressure_halfmax units="" description="">0.0</cycling_pressure_halfmax>
          <secretion_halfmax units="" description="">0.0</secretion_halfmax>
          <debris_sensitivity units="" description="">0.0</debris_sensitivity>
          <quorum_sensitivity units="" description="">0.0</quorum_sensitivity>
          <inflammation_sensitivity units="" description="">0.0</inflammation_sensitivity>
        </custom_data>
          </cell_definition>

      <cell_definition name="differentiated" ID="3">
        <phenotype>
          <cycle code="5" name="live">
            <phase_transition_rates units="1/min">
              <rate start_index="0" end_index="0" fixed_duration="false">5.3e-4</rate>
            </phase_transition_rates>
            </cycle>

          <death>
            <model code="100" name="apoptosis">
              <death_rate units="1/min">5.3e-05</death_rate>
              <phase_durations units="min">
                <duration index="0" fixed_duration="true">516</duration>
              </phase_durations>
              <parameters>
                <unlysed_fluid_change_rate units="1/min">0.05</unlysed_fluid_change_rate>
                <lysed_fluid_change_rate units="1/min">0</lysed_fluid_change_rate>
                <cytoplasmic_biomass_change_rate units="1/min">1.66667e-02</cytoplasmic_biomass_change_rate>
                <nuclear_biomass_change_rate units="1/min">5.83333e-03</nuclear_biomass_change_rate>
                <calcification_rate units="1/min">0</calcification_rate>
                <relative_rupture_volume units="dimensionless">2.0</relative_rupture_volume>
              </parameters>
            </model>
            <model code="101" name="necrosis">
              <death_rate units="1/min">0.0</death_rate>
              <phase_durations units="min">
                <duration index="0" fixed_duration="true">0</duration>
              <duration index="1" fixed_duration="true">86400</duration>
              </phase_durations>
              <parameters>
                <unlysed_fluid_change_rate units="1/min">0.05</unlysed_fluid_change_rate>
                <lysed_fluid_change_rate units="1/min">0</lysed_fluid_change_rate>
                <cytoplasmic_biomass_change_rate units="1/min">1.66667e-02</cytoplasmic_biomass_change_rate>
                <nuclear_biomass_change_rate units="1/min">5.83333e-03</nuclear_biomass_change_rate>
                <calcification_rate units="1/min">0</calcification_rate>
                <relative_rupture_volume units="dimensionless">2.0</relative_rupture_volume>
              </parameters>
            </model>
          </death>

          <volume>
            <total>2494</total>
            <fluid_fraction>0.75</fluid_fraction>
            <nuclear>540</nuclear>
            <fluid_change_rate>0.05</fluid_change_rate>
            <cytoplasmic_biomass_change_rate>0.0045</cytoplasmic_biomass_change_rate>
            <nuclear_biomass_change_rate>0.0055</nuclear_biomass_change_rate>
            <calcified_fraction>0</calcified_fraction>
            <calcification_rate>0</calcification_rate>
            <relative_rupture_volume>2.0</relative_rupture_volume>
          </volume>

          <mechanics>
            <cell_cell_adhesion_strength units="micron/min">0.4</cell_cell_adhesion_strength>
            <cell_cell_repulsion_strength units="micron/min">10.0</cell_cell_repulsion_strength>
            <relative_maximum_adhesion_distance units="dimensionless">1.25</relative_maximum_adhesion_distance>
            <options>
              <set_relative_equilibrium_distance enabled="false" units="dimensionless">1.8</set_relative_equilibrium_distance>
              <set_absolute_equilibrium_distance enabled="false" units="micron">15.12</set_absolute_equilibrium_distance>
            </options>
          </mechanics>

          <motility>
            <speed>1</speed>
            <persistence_time>1</persistence_time>
            <migration_bias>.5</migration_bias>
            <options>
              <enabled>false</enabled>
              <use_2D>true</use_2D>
              <chemotaxis>
                <enabled>false</enabled>
                <substrate>debris</substrate>
                <direction>1</direction>
              </chemotaxis>

              <advanced_chemotaxis>
                <enabled>false></enabled>
                <normalize_each_gradient>false</normalize_each_gradient>
                <chemotactic_sensitivities>
                  <chemotactic_sensitivity substrate="resource">0</chemotactic_sensitivity> 
                  <chemotactic_sensitivity substrate="toxin">0</chemotactic_sensitivity> 
                  <chemotactic_sensitivity substrate="quorum">0</chemotactic_sensitivity> 
                  <chemotactic_sensitivity substrate="pro-inflammatory">0</chemotactic_sensitivity> 
                  <chemotactic_sensitivity substrate="debris">0</chemotactic_sensitivity> 
                </chemotactic_sensitivities>
              </advanced_chemotaxis>

            </options>
          </motility>

          <secretion>
            <substrate name="resource">
              <secretion_rate units="1/min">0</secretion_rate>
              <secretion_target units="substrate density">1</secretion_target>
              <uptake_rate units="1/min">10</uptake_rate>
              <net_export_rate units="total substrate/min">0</net_export_rate>
            </substrate>
            <substrate name="toxin">
              <secretion_rate units="1/min">0.0</secretion_rate>
              <secretion_target units="substrate density">0.0</secretion_target>
              <uptake_rate units="1/min">0</uptake_rate>
              <net_export_rate units="total substrate/min">0.0</net_export_rate>
            </substrate>
            <substrate name="quorum">
              <secretion_rate units="1/min">0.0</secretion_rate>
              <secretion_target units="substrate density">0.0</secretion_target>
              <uptake_rate units="1/min">0.0</uptake_rate>
              <net_export_rate units="total substrate/min">0.0</net_export_rate>
            </substrate>
            <substrate name="pro-inflammatory">
              <secretion_rate units="1/min">0.0</secretion_rate>
              <secretion_target units="substrate density">0.0</secretion_target>
              <uptake_rate units="1/min">0.0</uptake_rate>
              <net_export_rate units="total substrate/min">0.0</net_export_rate>
            </substrate>
            <substrate name="debris">
              <secretion_rate units="1/min">0.0</secretion_rate>
              <secretion_target units="substrate density">0.0</secretion_target>
              <uptake_rate units="1/min">0.0</uptake_rate>
              <net_export_rate units="total substrate/min">0.0</net_export_rate>
            </substrate>
            </secretion>
            <cell_interactions>
              <dead_phagocytosis_rate units="1/min">0</dead_phagocytosis_rate>
              <live_phagocytosis_rates>
                <phagocytosis_rate name="bacteria" units="1/min">0</phagocytosis_rate>
                <phagocytosis_rate name="blood vessel" units="1/min">0</phagocytosis_rate>
                <phagocytosis_rate name="stem" units="1/min">0</phagocytosis_rate>
                <phagocytosis_rate name="differentiated" units="1/min">0</phagocytosis_rate>
                <phagocytosis_rate name="macrophage" units="1/min">0</phagocytosis_rate>
                <phagocytosis_rate name="CD8+ T cell" units="1/min">0</phagocytosis_rate>
                <phagocytosis_rate name="neutrophil" units="1/min">0</phagocytosis_rate>
              </live_phagocytosis_rates>
              <attack_rates>
                <attack_rate name="bacteria" units="1/min">0</attack_rate>
                <attack_rate name="blood vessel" units="1/min">0</attack_rate>
                <attack_rate name="stem" units="1/min">0</attack_rate>
                <attack_rate name="differentiated" units="1/min">0</attack_rate>
                <attack_rate name="macrophage" units="1/min">0</attack_rate>
                <attack_rate name="CD8+ T cell" units="1/min">0</attack_rate>
                <attack_rate name="neutrophil" units="1/min">0</attack_rate>
              </attack_rates>
              <damage_rate units="1/min">0</damage_rate>
              <fusion_rates>
                <fusion_rate name="bacteria" units="1/min">0</fusion_rate>
                <fusion_rate name="blood vessel" units="1/min">0</fusion_rate>
                <fusion_rate name="stem" units="1/min">0</fusion_rate>
                <fusion_rate name="differentiated" units="1/min">0</fusion_rate>
                <fusion_rate name="macrophage" units="1/min">0</fusion_rate>
                <fusion_rate name="CD8+ T cell" units="1/min">0</fusion_rate>
                <fusion_rate name="neutrophil" units="1/min">0</fusion_rate>
              </fusion_rates>
            </cell_interactions>
            <cell_transformations>
              <transformation_rates>
                <transformation_rate name="bacteria" units="1/min">0</transformation_rate>
                <transformation_rate name="blood vessel" units="1/min">0</transformation_rate>
                <transformation_rate name="stem" units="1/min">0</transformation_rate>
                <transformation_rate name="differentiated" units="1/min">0</transformation_rate>
                <transformation_rate name="macrophage" units="1/min">0</transformation_rate>
                <transformation_rate name="CD8+ T cell" units="1/min">0</transformation_rate>
                <transformation_rate name="neutrophil" units="1/min">0</transformation_rate>
              </transformation_rates>
            </cell_transformations>

          </phenotype>
        <custom_data>
          <cycling_entry_threshold_resource units="" description="">0.15</cycling_entry_threshold_resource>
          <necrosis_saturation_resource units="" description="">0.075</necrosis_saturation_resource>
          <necrosis_threshold_resource units="" description="">0.15</necrosis_threshold_resource>
          <migration_speed_halfmax units="" description="">0.0</migration_speed_halfmax>
          <migration_bias_halfmax units="" description="">0.0</migration_bias_halfmax>
          <toxicity_halfmax units="" description="">0.2</toxicity_halfmax>
          <relative_max_toxicity units="" description="">100</relative_max_toxicity>
          <cycling_contact_halfmax units="" description="">0.0</cycling_contact_halfmax>
          <differentiation_contact_halfmax units="" description="">0.0</differentiation_contact_halfmax>
          <damage_halfmax units="" description="">0.0</damage_halfmax>
          <relative_max_damage_death units="" description="">0.0</relative_max_damage_death>
          <cycling_pressure_halfmax units="" description="">0.5</cycling_pressure_halfmax>
          <secretion_halfmax units="" description="">0.0</secretion_halfmax>
          <debris_sensitivity units="" description="">0.0</debris_sensitivity>
          <quorum_sensitivity units="" description="">0.0</quorum_sensitivity>
          <inflammation_sensitivity units="" description="">0.0</inflammation_sensitivity>
        </custom_data>
          </cell_definition>

      <cell_definition name="macrophage" ID="4">
        <phenotype>
          <cycle code="5" name="live">
            <phase_transition_rates units="1/min">
              <rate start_index="0" end_index="0" fixed_duration="false">0</rate>
            </phase_transition_rates>
            </cycle>

          <death>
            <model code="100" name="apoptosis">
              <death_rate units="1/min">0</death_rate>
              <phase_durations units="min">
                <duration index="0" fixed_duration="true">516</duration>
              </phase_durations>
              <parameters>
                <unlysed_fluid_change_rate units="1/min">0.05</unlysed_fluid_change_rate>
                <lysed_fluid_change_rate units="1/min">0</lysed_fluid_change_rate>
                <cytoplasmic_biomass_change_rate units="1/min">1.66667e-02</cytoplasmic_biomass_change_rate>
                <nuclear_biomass_change_rate units="1/min">5.83333e-03</nuclear_biomass_change_rate>
                <calcification_rate units="1/min">0</calcification_rate>
                <relative_rupture_volume units="dimensionless">2.0</relative_rupture_volume>
              </parameters>
            </model>
            <model code="101" name="necrosis">
              <death_rate units="1/min">0.0</death_rate>
              <phase_durations units="min">
                <duration index="0" fixed_duration="true">0</duration>
              <duration index="1" fixed_duration="true">86400</duration>
              </phase_durations>
              <parameters>
                <unlysed_fluid_change_rate units="1/min">0.05</unlysed_fluid_change_rate>
                <lysed_fluid_change_rate units="1/min">0</lysed_fluid_change_rate>
                <cytoplasmic_biomass_change_rate units="1/min">1.66667e-02</cytoplasmic_biomass_change_rate>
                <nuclear_biomass_change_rate units="1/min">5.83333e-03</nuclear_biomass_change_rate>
                <calcification_rate units="1/min">0</calcification_rate>
                <relative_rupture_volume units="dimensionless">2.0</relative_rupture_volume>
              </parameters>
            </model>
          </death>

          <volume>
            <total>3000</total>
            <fluid_fraction>0.75</fluid_fraction>
            <nuclear>600</nuclear>
            <fluid_change_rate>0.05</fluid_change_rate>
            <cytoplasmic_biomass_change_rate>0.045</cytoplasmic_biomass_change_rate>
            <nuclear_biomass_change_rate>0.0055</nuclear_biomass_change_rate>
            <calcified_fraction>0</calcified_fraction>
            <calcification_rate>0</calcification_rate>
            <relative_rupture_volume>2.0</relative_rupture_volume>
          </volume>

          <mechanics>
            <cell_cell_adhesion_strength units="micron/min">0.04</cell_cell_adhesion_strength>
            <cell_cell_repulsion_strength units="micron/min">10.0</cell_cell_repulsion_strength>
            <relative_maximum_adhesion_distance units="dimensionless">1.25</relative_maximum_adhesion_distance>
            <options>
              <set_relative_equilibrium_distance enabled="false" units="dimensionless">1.8</set_relative_equilibrium_distance>
              <set_absolute_equilibrium_distance enabled="false" units="micron">15.12</set_absolute_equilibrium_distance>
            </options>
          </mechanics>

          <motility>
            <speed>1</speed>
            <persistence_time>5</persistence_time>
            <migration_bias>0.1</migration_bias>
            <options>
              <enabled>true</enabled>
              <use_2D>true</use_2D>
              <chemotaxis>
                <enabled>true</enabled>
                <substrate>debris</substrate>
                <direction>1</direction>
              </chemotaxis>

              <advanced_chemotaxis>
                <enabled>false></enabled>
                <normalize_each_gradient>false</normalize_each_gradient>
                <chemotactic_sensitivities>
                  <chemotactic_sensitivity substrate="resource">0</chemotactic_sensitivity> 
                  <chemotactic_sensitivity substrate="toxin">0</chemotactic_sensitivity> 
                  <chemotactic_sensitivity substrate="quorum">0</chemotactic_sensitivity> 
                  <chemotactic_sensitivity substrate="pro-inflammatory">0</chemotactic_sensitivity> 
                  <chemotactic_sensitivity substrate="debris">0</chemotactic_sensitivity> 
                </chemotactic_sensitivities>
              </advanced_chemotaxis>

            </options>
          </motility>

          <secretion>
            <substrate name="resource">
              <secretion_rate units="1/min">0</secretion_rate>
              <secretion_target units="substrate density">1</secretion_target>
              <uptake_rate units="1/min">5</uptake_rate>
              <net_export_rate units="total substrate/min">0</net_export_rate>
            </substrate>
            <substrate name="toxin">
              <secretion_rate units="1/min">0.0</secretion_rate>
              <secretion_target units="substrate density">0.0</secretion_target>
              <uptake_rate units="1/min">0.0</uptake_rate>
              <net_export_rate units="total substrate/min">0</net_export_rate>
            </substrate>
            <substrate name="quorum">
              <secretion_rate units="1/min">0.0</secretion_rate>
              <secretion_target units="substrate density">0.0</secretion_target>
              <uptake_rate units="1/min">0.0</uptake_rate>
              <net_export_rate units="total substrate/min">0</net_export_rate>
            </substrate>
            <substrate name="pro-inflammatory">
              <secretion_rate units="1/min">0.0</secretion_rate>
              <secretion_target units="substrate density">1.0</secretion_target>
              <uptake_rate units="1/min">0</uptake_rate>
              <net_export_rate units="total substrate/min">0.0</net_export_rate>
            </substrate>
            <substrate name="debris">
              <secretion_rate units="1/min">0.0</secretion_rate>
              <secretion_target units="substrate density">0.0</secretion_target>
              <uptake_rate units="1/min">5</uptake_rate>
              <net_export_rate units="total substrate/min">0.0</net_export_rate>
            </substrate>
            </secretion>
            <cell_interactions>
              <dead_phagocytosis_rate units="1/min">0.05</dead_phagocytosis_rate>
              <live_phagocytosis_rates>
                <phagocytosis_rate name="bacteria" units="1/min">0</phagocytosis_rate>
                <phagocytosis_rate name="blood vessel" units="1/min">0</phagocytosis_rate>
                <phagocytosis_rate name="stem" units="1/min">0</phagocytosis_rate>
                <phagocytosis_rate name="differentiated" units="1/min">0</phagocytosis_rate>
                <phagocytosis_rate name="macrophage" units="1/min">0</phagocytosis_rate>
                <phagocytosis_rate name="CD8+ T cell" units="1/min">0</phagocytosis_rate>
                <phagocytosis_rate name="neutrophil" units="1/min">0</phagocytosis_rate>
              </live_phagocytosis_rates>
              <attack_rates>
                <attack_rate name="bacteria" units="1/min">0</attack_rate>
                <attack_rate name="blood vessel" units="1/min">0</attack_rate>
                <attack_rate name="stem" units="1/min">0</attack_rate>
                <attack_rate name="differentiated" units="1/min">0</attack_rate>
                <attack_rate name="macrophage" units="1/min">0</attack_rate>
                <attack_rate name="CD8+ T cell" units="1/min">0</attack_rate>
                <attack_rate name="neutrophil" units="1/min">0</attack_rate>
              </attack_rates>
              <damage_rate units="1/min">0</damage_rate>
              <fusion_rates>
                <fusion_rate name="bacteria" units="1/min">0</fusion_rate>
                <fusion_rate name="blood vessel" units="1/min">0</fusion_rate>
                <fusion_rate name="stem" units="1/min">0</fusion_rate>
                <fusion_rate name="differentiated" units="1/min">0</fusion_rate>
                <fusion_rate name="macrophage" units="1/min">0</fusion_rate>
                <fusion_rate name="CD8+ T cell" units="1/min">0</fusion_rate>
                <fusion_rate name="neutrophil" units="1/min">0</fusion_rate>
              </fusion_rates>
            </cell_interactions>
            <cell_transformations>
              <transformation_rates>
                <transformation_rate name="bacteria" units="1/min">0</transformation_rate>
                <transformation_rate name="blood vessel" units="1/min">0</transformation_rate>
                <transformation_rate name="stem" units="1/min">0</transformation_rate>
                <transformation_rate name="differentiated" units="1/min">0</transformation_rate>
                <transformation_rate name="macrophage" units="1/min">0</transformation_rate>
                <transformation_rate name="CD8+ T cell" units="1/min">0</transformation_rate>
                <transformation_rate name="neutrophil" units="1/min">0</transformation_rate>
              </transformation_rates>
            </cell_transformations>

          </phenotype>
        <custom_data>
          <cycling_entry_threshold_resource units="" description="">0.15</cycling_entry_threshold_resource>
          <necrosis_saturation_resource units="" description="">0.075</necrosis_saturation_resource>
          <necrosis_threshold_resource units="" description="">0.15</necrosis_threshold_resource>
          <migration_speed_halfmax units="" description="">0.05</migration_speed_halfmax>
          <migration_bias_halfmax units="" description="">0.01</migration_bias_halfmax>
          <toxicity_halfmax units="" description="">0.0</toxicity_halfmax>
          <relative_max_toxicity units="" description="">0.0</relative_max_toxicity>
          <cycling_contact_halfmax units="" description="">0.0</cycling_contact_halfmax>
          <differentiation_contact_halfmax units="" description="">0.0</differentiation_contact_halfmax>
          <damage_halfmax units="" description="">0.0</damage_halfmax>
          <relative_max_damage_death units="" description="">0.0</relative_max_damage_death>
          <cycling_pressure_halfmax units="" description="">0.0</cycling_pressure_halfmax>
          <secretion_halfmax units="" description="">0.005</secretion_halfmax>
          <debris_sensitivity units="" description="">0.1</debris_sensitivity>
          <quorum_sensitivity units="" description="">1</quorum_sensitivity>
          <inflammation_sensitivity units="" description="">0</inflammation_sensitivity>
        </custom_data>
          </cell_definition>

      <cell_definition name="CD8+ T cell" ID="5">
        <phenotype>
          <cycle code="5" name="live">
            <phase_transition_rates units="1/min">
              <rate start_index="0" end_index="0" fixed_duration="false">0</rate>
            </phase_transition_rates>
            </cycle>

          <death>
            <model code="100" name="apoptosis">
              <death_rate units="1/min">0</death_rate>
              <phase_durations units="min">
                <duration index="0" fixed_duration="true">516</duration>
              </phase_durations>
              <parameters>
                <unlysed_fluid_change_rate units="1/min">0.05</unlysed_fluid_change_rate>
                <lysed_fluid_change_rate units="1/min">0</lysed_fluid_change_rate>
                <cytoplasmic_biomass_change_rate units="1/min">1.66667e-02</cytoplasmic_biomass_change_rate>
                <nuclear_biomass_change_rate units="1/min">5.83333e-03</nuclear_biomass_change_rate>
                <calcification_rate units="1/min">0</calcification_rate>
                <relative_rupture_volume units="dimensionless">2.0</relative_rupture_volume>
              </parameters>
            </model>
            <model code="101" name="necrosis">
              <death_rate units="1/min">0.0</death_rate>
              <phase_durations units="min">
                <duration index="0" fixed_duration="true">0</duration>
              <duration index="1" fixed_duration="true">86400</duration>
              </phase_durations>
              <parameters>
                <unlysed_fluid_change_rate units="1/min">0.05</unlysed_fluid_change_rate>
                <lysed_fluid_change_rate units="1/min">0</lysed_fluid_change_rate>
                <cytoplasmic_biomass_change_rate units="1/min">1.66667e-02</cytoplasmic_biomass_change_rate>
                <nuclear_biomass_change_rate units="1/min">5.83333e-03</nuclear_biomass_change_rate>
                <calcification_rate units="1/min">0</calcification_rate>
                <relative_rupture_volume units="dimensionless">2.0</relative_rupture_volume>
              </parameters>
            </model>
          </death>

          <volume>
            <total>3000</total>
            <fluid_fraction>0.75</fluid_fraction>
            <nuclear>600</nuclear>
            <fluid_change_rate>0.05</fluid_change_rate>
            <cytoplasmic_biomass_change_rate>0.0045</cytoplasmic_biomass_change_rate>
            <nuclear_biomass_change_rate>0.0055</nuclear_biomass_change_rate>
            <calcified_fraction>0</calcified_fraction>
            <calcification_rate>0</calcification_rate>
            <relative_rupture_volume>2.0</relative_rupture_volume>
          </volume>

          <mechanics>
            <cell_cell_adhesion_strength units="micron/min">0.04</cell_cell_adhesion_strength>
            <cell_cell_repulsion_strength units="micron/min">10.0</cell_cell_repulsion_strength>
            <relative_maximum_adhesion_distance units="dimensionless">1.25</relative_maximum_adhesion_distance>
            <options>
              <set_relative_equilibrium_distance enabled="false" units="dimensionless">1.8</set_relative_equilibrium_distance>
              <set_absolute_equilibrium_distance enabled="false" units="micron">15.12</set_absolute_equilibrium_distance>
            </options>
          </mechanics>

          <motility>
            <speed>1</speed>
            <persistence_time>5</persistence_time>
            <migration_bias>0.1</migration_bias>
            <options>
              <enabled>true</enabled>
              <use_2D>true</use_2D>
              <chemotaxis>
                <enabled>true</enabled>
                <substrate>pro-inflammatory</substrate>
                <direction>1</direction>
              </chemotaxis>

              <advanced_chemotaxis>
                <enabled>false></enabled>
                <normalize_each_gradient>false</normalize_each_gradient>
                <chemotactic_sensitivities>
                  <chemotactic_sensitivity substrate="resource">0</chemotactic_sensitivity> 
                  <chemotactic_sensitivity substrate="toxin">0</chemotactic_sensitivity> 
                  <chemotactic_sensitivity substrate="quorum">0</chemotactic_sensitivity> 
                  <chemotactic_sensitivity substrate="pro-inflammatory">0</chemotactic_sensitivity> 
                  <chemotactic_sensitivity substrate="debris">0</chemotactic_sensitivity> 
                </chemotactic_sensitivities>
              </advanced_chemotaxis>

            </options>
          </motility>

          <secretion>
            <substrate name="resource">
              <secretion_rate units="1/min">0</secretion_rate>
              <secretion_target units="substrate density">1</secretion_target>
              <uptake_rate units="1/min">5</uptake_rate>
              <net_export_rate units="total substrate/min">0</net_export_rate>
            </substrate>
            <substrate name="toxin">
              <secretion_rate units="1/min">0.0</secretion_rate>
              <secretion_target units="substrate density">0.0</secretion_target>
              <uptake_rate units="1/min">0.0</uptake_rate>
              <net_export_rate units="total substrate/min">0</net_export_rate>
            </substrate>
            <substrate name="quorum">
              <secretion_rate units="1/min">0.0</secretion_rate>
              <secretion_target units="substrate density">0.0</secretion_target>
              <uptake_rate units="1/min">0.0</uptake_rate>
              <net_export_rate units="total substrate/min">0</net_export_rate>
            </substrate>
            <substrate name="pro-inflammatory">
              <secretion_rate units="1/min">0.0</secretion_rate>
              <secretion_target units="substrate density">0.0</secretion_target>
              <uptake_rate units="1/min">1</uptake_rate>
              <net_export_rate units="total substrate/min">0.0</net_export_rate>
            </substrate>
            <substrate name="debris">
              <secretion_rate units="1/min">0.0</secretion_rate>
              <secretion_target units="substrate density">0.0</secretion_target>
              <uptake_rate units="1/min">0</uptake_rate>
              <net_export_rate units="total substrate/min">0.0</net_export_rate>
            </substrate>
            </secretion>
            <cell_interactions>
              <dead_phagocytosis_rate units="1/min">0</dead_phagocytosis_rate>
              <live_phagocytosis_rates>
                <phagocytosis_rate name="bacteria" units="1/min">0</phagocytosis_rate>
                <phagocytosis_rate name="blood vessel" units="1/min">0</phagocytosis_rate>
                <phagocytosis_rate name="stem" units="1/min">0</phagocytosis_rate>
                <phagocytosis_rate name="differentiated" units="1/min">0</phagocytosis_rate>
                <phagocytosis_rate name="macrophage" units="1/min">0</phagocytosis_rate>
                <phagocytosis_rate name="CD8+ T cell" units="1/min">0</phagocytosis_rate>
                <phagocytosis_rate name="neutrophil" units="1/min">0</phagocytosis_rate>
              </live_phagocytosis_rates>
              <attack_rates>
                <attack_rate name="bacteria" units="1/min">0.05</attack_rate>
                <attack_rate name="blood vessel" units="1/min">0</attack_rate>
                <attack_rate name="stem" units="1/min">0</attack_rate>
                <attack_rate name="differentiated" units="1/min">0</attack_rate>
                <attack_rate name="macrophage" units="1/min">0</attack_rate>
                <attack_rate name="CD8+ T cell" units="1/min">0</attack_rate>
                <attack_rate name="neutrophil" units="1/min">0</attack_rate>
              </attack_rates>
              <damage_rate units="1/min">0</damage_rate>
              <fusion_rates>
                <fusion_rate name="bacteria" units="1/min">0</fusion_rate>
                <fusion_rate name="blood vessel" units="1/min">0</fusion_rate>
                <fusion_rate name="stem" units="1/min">0</fusion_rate>
                <fusion_rate name="differentiated" units="1/min">0</fusion_rate>
                <fusion_rate name="macrophage" units="1/min">0</fusion_rate>
                <fusion_rate name="CD8+ T cell" units="1/min">0</fusion_rate>
                <fusion_rate name="neutrophil" units="1/min">0</fusion_rate>
              </fusion_rates>
            </cell_interactions>
            <cell_transformations>
              <transformation_rates>
                <transformation_rate name="bacteria" units="1/min">0</transformation_rate>
                <transformation_rate name="blood vessel" units="1/min">0</transformation_rate>
                <transformation_rate name="stem" units="1/min">0</transformation_rate>
                <transformation_rate name="differentiated" units="1/min">0</transformation_rate>
                <transformation_rate name="macrophage" units="1/min">0</transformation_rate>
                <transformation_rate name="CD8+ T cell" units="1/min">0</transformation_rate>
                <transformation_rate name="neutrophil" units="1/min">0</transformation_rate>
              </transformation_rates>
            </cell_transformations>

          </phenotype>
        <custom_data>
          <cycling_entry_threshold_resource units="" description="">0.15</cycling_entry_threshold_resource>
          <necrosis_saturation_resource units="" description="">0.075</necrosis_saturation_resource>
          <necrosis_threshold_resource units="" description="">0.15</necrosis_threshold_resource>
          <migration_speed_halfmax units="" description="">0.0</migration_speed_halfmax>
          <migration_bias_halfmax units="" description="">0.5</migration_bias_halfmax>
          <toxicity_halfmax units="" description="">0.0</toxicity_halfmax>
          <relative_max_toxicity units="" description="">0.0</relative_max_toxicity>
          <cycling_contact_halfmax units="" description="">0.0</cycling_contact_halfmax>
          <differentiation_contact_halfmax units="" description="">0.0</differentiation_contact_halfmax>
          <damage_halfmax units="" description="">0.0</damage_halfmax>
          <relative_max_damage_death units="" description="">0.0</relative_max_damage_death>
          <cycling_pressure_halfmax units="" description="">0.0</cycling_pressure_halfmax>
          <secretion_halfmax units="" description="">0.0</secretion_halfmax>
          <debris_sensitivity units="" description="">0.0</debris_sensitivity>
          <quorum_sensitivity units="" description="">0.0</quorum_sensitivity>
          <inflammation_sensitivity units="" description="">0.0</inflammation_sensitivity>
        </custom_data>
          </cell_definition>

      <cell_definition name="neutrophil" ID="6">
        <phenotype>
          <cycle code="5" name="live">
            <phase_transition_rates units="1/min">
              <rate start_index="0" end_index="0" fixed_duration="false">0</rate>
            </phase_transition_rates>
            </cycle>

          <death>
            <model code="100" name="apoptosis">
              <death_rate units="1/min">0</death_rate>
              <phase_durations units="min">
                <duration index="0" fixed_duration="true">516</duration>
              </phase_durations>
              <parameters>
                <unlysed_fluid_change_rate units="1/min">0.05</unlysed_fluid_change_rate>
                <lysed_fluid_change_rate units="1/min">0</lysed_fluid_change_rate>
                <cytoplasmic_biomass_change_rate units="1/min">1.66667e-02</cytoplasmic_biomass_change_rate>
                <nuclear_biomass_change_rate units="1/min">5.83333e-03</nuclear_biomass_change_rate>
                <calcification_rate units="1/min">0</calcification_rate>
                <relative_rupture_volume units="dimensionless">2.0</relative_rupture_volume>
              </parameters>
            </model>
            <model code="101" name="necrosis">
              <death_rate units="1/min">0.0</death_rate>
              <phase_durations units="min">
                <duration index="0" fixed_duration="true">0</duration>
              <duration index="1" fixed_duration="true">86400</duration>
              </phase_durations>
              <parameters>
                <unlysed_fluid_change_rate units="1/min">0.05</unlysed_fluid_change_rate>
                <lysed_fluid_change_rate units="1/min">0</lysed_fluid_change_rate>
                <cytoplasmic_biomass_change_rate units="1/min">1.66667e-02</cytoplasmic_biomass_change_rate>
                <nuclear_biomass_change_rate units="1/min">5.83333e-03</nuclear_biomass_change_rate>
                <calcification_rate units="1/min">0</calcification_rate>
                <relative_rupture_volume units="dimensionless">2.0</relative_rupture_volume>
              </parameters>
            </model>
          </death>

          <volume>
            <total>1000</total>
            <fluid_fraction>0.75</fluid_fraction>
            <nuclear>200</nuclear>
            <fluid_change_rate>0.05</fluid_change_rate>
            <cytoplasmic_biomass_change_rate>0.045</cytoplasmic_biomass_change_rate>
            <nuclear_biomass_change_rate>0.0055</nuclear_biomass_change_rate>
            <calcified_fraction>0</calcified_fraction>
            <calcification_rate>0</calcification_rate>
            <relative_rupture_volume>2.0</relative_rupture_volume>
          </volume>

          <mechanics>
            <cell_cell_adhesion_strength units="micron/min">0.04</cell_cell_adhesion_strength>
            <cell_cell_repulsion_strength units="micron/min">10.0</cell_cell_repulsion_strength>
            <relative_maximum_adhesion_distance units="dimensionless">1.25</relative_maximum_adhesion_distance>
            <options>
              <set_relative_equilibrium_distance enabled="false" units="dimensionless">1.8</set_relative_equilibrium_distance>
              <set_absolute_equilibrium_distance enabled="false" units="micron">15.12</set_absolute_equilibrium_distance>
            </options>
          </mechanics>

          <motility>
            <speed>1</speed>
            <persistence_time>5</persistence_time>
            <migration_bias>0.1</migration_bias>
            <options>
              <enabled>true</enabled>
              <use_2D>true</use_2D>
              <chemotaxis>
                <enabled>true</enabled>
                <substrate>pro-inflammatory</substrate>
                <direction>1</direction>
              </chemotaxis>

              <advanced_chemotaxis>
                <enabled>true</enabled>
                <normalize_each_gradient>false</normalize_each_gradient>
                <chemotactic_sensitivities>
                  <chemotactic_sensitivity substrate="resource">0</chemotactic_sensitivity> 
                  <chemotactic_sensitivity substrate="toxin">0</chemotactic_sensitivity> 
                  <chemotactic_sensitivity substrate="quorum">0</chemotactic_sensitivity> 
                  <chemotactic_sensitivity substrate="pro-inflammatory">0</chemotactic_sensitivity> 
                  <chemotactic_sensitivity substrate="debris">0</chemotactic_sensitivity> 
                </chemotactic_sensitivities>
              </advanced_chemotaxis>

            </options>
          </motility>

          <secretion>
            <substrate name="resource">
              <secretion_rate units="1/min">0</secretion_rate>
              <secretion_target units="substrate density">1</secretion_target>
              <uptake_rate units="1/min">5</uptake_rate>
              <net_export_rate units="total substrate/min">0</net_export_rate>
            </substrate>
            <substrate name="toxin">
              <secretion_rate units="1/min">0.0</secretion_rate>
              <secretion_target units="substrate density">0.0</secretion_target>
              <uptake_rate units="1/min">0.0</uptake_rate>
              <net_export_rate units="total substrate/min">0</net_export_rate>
            </substrate>
            <substrate name="quorum">
              <secretion_rate units="1/min">0.0</secretion_rate>
              <secretion_target units="substrate density">0.0</secretion_target>
              <uptake_rate units="1/min">0.0</uptake_rate>
              <net_export_rate units="total substrate/min">0</net_export_rate>
            </substrate>
            <substrate name="pro-inflammatory">
              <secretion_rate units="1/min">0.0</secretion_rate>
              <secretion_target units="substrate density">0.0</secretion_target>
              <uptake_rate units="1/min">1</uptake_rate>
              <net_export_rate units="total substrate/min">0.0</net_export_rate>
            </substrate>
            <substrate name="debris">
              <secretion_rate units="1/min">0.0</secretion_rate>
              <secretion_target units="substrate density">0.0</secretion_target>
              <uptake_rate units="1/min">0</uptake_rate>
              <net_export_rate units="total substrate/min">0.0</net_export_rate>
            </substrate>
            </secretion>
            <cell_interactions>
              <dead_phagocytosis_rate units="1/min">0</dead_phagocytosis_rate>
              <live_phagocytosis_rates>
                <phagocytosis_rate name="bacteria" units="1/min">0.05</phagocytosis_rate>
                <phagocytosis_rate name="blood vessel" units="1/min">0</phagocytosis_rate>
                <phagocytosis_rate name="stem" units="1/min">0</phagocytosis_rate>
                <phagocytosis_rate name="differentiated" units="1/min">0</phagocytosis_rate>
                <phagocytosis_rate name="macrophage" units="1/min">0</phagocytosis_rate>
                <phagocytosis_rate name="CD8+ T cell" units="1/min">0</phagocytosis_rate>
                <phagocytosis_rate name="neutrophil" units="1/min">0</phagocytosis_rate>
              </live_phagocytosis_rates>
              <attack_rates>
                <attack_rate name="bacteria" units="1/min">0</attack_rate>
                <attack_rate name="blood vessel" units="1/min">0</attack_rate>
                <attack_rate name="stem" units="1/min">0</attack_rate>
                <attack_rate name="differentiated" units="1/min">0</attack_rate>
                <attack_rate name="macrophage" units="1/min">0</attack_rate>
                <attack_rate name="CD8+ T cell" units="1/min">0</attack_rate>
                <attack_rate name="neutrophil" units="1/min">0</attack_rate>
              </attack_rates>
              <damage_rate units="1/min">0</damage_rate>
              <fusion_rates>
                <fusion_rate name="bacteria" units="1/min">0</fusion_rate>
                <fusion_rate name="blood vessel" units="1/min">0</fusion_rate>
                <fusion_rate name="stem" units="1/min">0</fusion_rate>
                <fusion_rate name="differentiated" units="1/min">0</fusion_rate>
                <fusion_rate name="macrophage" units="1/min">0</fusion_rate>
                <fusion_rate name="CD8+ T cell" units="1/min">0</fusion_rate>
                <fusion_rate name="neutrophil" units="1/min">0</fusion_rate>
              </fusion_rates>
            </cell_interactions>
            <cell_transformations>
              <transformation_rates>
                <transformation_rate name="bacteria" units="1/min">0</transformation_rate>
                <transformation_rate name="blood vessel" units="1/min">0</transformation_rate>
                <transformation_rate name="stem" units="1/min">0</transformation_rate>
                <transformation_rate name="differentiated" units="1/min">0</transformation_rate>
                <transformation_rate name="macrophage" units="1/min">0</transformation_rate>
                <transformation_rate name="CD8+ T cell" units="1/min">0</transformation_rate>
                <transformation_rate name="neutrophil" units="1/min">0</transformation_rate>
              </transformation_rates>
            </cell_transformations>

          </phenotype>
        <custom_data>
          <cycling_entry_threshold_resource units="" description="">0.15</cycling_entry_threshold_resource>
          <necrosis_saturation_resource units="" description="">0.075</necrosis_saturation_resource>
          <necrosis_threshold_resource units="" description="">0.15</necrosis_threshold_resource>
          <migration_speed_halfmax units="" description="">0.0</migration_speed_halfmax>
          <migration_bias_halfmax units="" description="">0.5</migration_bias_halfmax>
          <toxicity_halfmax units="" description="">0.0</toxicity_halfmax>
          <relative_max_toxicity units="" description="">0.0</relative_max_toxicity>
          <cycling_contact_halfmax units="" description="">0.0</cycling_contact_halfmax>
          <differentiation_contact_halfmax units="" description="">0.0</differentiation_contact_halfmax>
          <damage_halfmax units="" description="">0.0</damage_halfmax>
          <relative_max_damage_death units="" description="">0.0</relative_max_damage_death>
          <cycling_pressure_halfmax units="" description="">0.0</cycling_pressure_halfmax>
          <secretion_halfmax units="" description="">0.0</secretion_halfmax>
          <debris_sensitivity units="" description="">0.0</debris_sensitivity>
          <quorum_sensitivity units="" description="">0.0</quorum_sensitivity>
          <inflammation_sensitivity units="" description="">0.0</inflammation_sensitivity>
        </custom_data>
          </cell_definition>

      </cell_definitions>
	
	<initial_conditions>
		<cell_positions enabled="false" type="csv">
			<folder />
			<filename>cells.csv</filename>
		</cell_positions>
	</initial_conditions>	
	
	<user_parameters>
		<random_seed type="int" units="dimensionless" description="">0</random_seed>
        <number_of_stem_cells type="int" units="none" description="">50</number_of_stem_cells>
        <number_of_differentiated_cells type="int" units="" description="">400</number_of_differentiated_cells>
        <number_of_blood_vessels type="int" units="" description="">40</number_of_blood_vessels>
        <number_of_bacteria type="int" units="" description="">20</number_of_bacteria>
        <number_of_macrophages type="int" units="" description="">50</number_of_macrophages>
        <number_of_CD8T_cells type="int" units="" description="">50</number_of_CD8T_cells>
        <number_of_neutrophils type="int" units="" description="">50</number_of_neutrophils>
        <max_stem_differentiation type="double" units="" description="maximum stem cell differentiation rate">0.0075</max_stem_differentiation>
    </user_parameters>
	
</PhysiCell_settings>