-6.539663123273226120e+01,-1.854287579015726806e+02,0.000000000000000000e+00,0.000000000000000000e+00
-4.857121013682379385e+01,-1.854287579015726806e+02,0.000000000000000000e+00,0.000000000000000000e+00
-3.174578904091532650e+01,-1.854287579015726806e+02,0.000000000000000000e+00,0.000000000000000000e+00
-1.492036794500685914e+01,-1.854287579015726806e+02,0.000000000000000000e+00,0.000000000000000000e+00
1.905053150901608205e+00,-1.854287579015726806e+02,0.000000000000000000e+00,0.000000000000000000e+00
1.873047424681007556e+01,-1.854287579015726806e+02,0.000000000000000000e+00,0.000000000000000000e+00
3.555589534271854291e+01,-1.854287579015726806e+02,0.000000000000000000e+00,0.000000000000000000e+00
5.238131643862701026e+01,-1.854287579015726806e+02,0.000000000000000000e+00,0.000000000000000000e+00
6.920673753453547761e+01,-1.854287579015726806e+02,0.000000000000000000e+00,0.000000000000000000e+00
-9.063476287659496222e+01,-1.708575158031453611e+02,0.000000000000000000e+00,0.000000000000000000e+00
-7.380934178068649487e+01,-1.708575158031453611e+02,0.000000000000000000e+00,0.000000000000000000e+00
-5.698392068477803463e+01,-1.708575158031453611e+02,0.000000000000000000e+00,0.000000000000000000e+00
-4.015849958886956728e+01,-1.708575158031453611e+02,0.000000000000000000e+00,0.000000000000000000e+00
-2.333307849296109993e+01,-1.708575158031453611e+02,0.000000000000000000e+00,0.000000000000000000e+00
-6.507657397052630799e+00,-1.708575158031453611e+02,0.000000000000000000e+00,0.000000000000000000e+00
1.031776369885583655e+01,-1.708575158031453611e+02,0.000000000000000000e+00,0.000000000000000000e+00
2.714318479476430213e+01,-1.708575158031453611e+02,0.000000000000000000e+00,0.000000000000000000e+00
4.396860589067276948e+01,-1.708575158031453611e+02,0.000000000000000000e+00,0.000000000000000000e+00
6.079402698658123683e+01,-1.708575158031453611e+02,0.000000000000000000e+00,0.000000000000000000e+00
7.761944808248971128e+01,-1.708575158031453611e+02,0.000000000000000000e+00,0.000000000000000000e+00
9.444486917839820705e+01,-1.708575158031453611e+02,0.000000000000000000e+00,0.000000000000000000e+00
-1.158728945204576632e+02,-1.562862737047180417e+02,0.000000000000000000e+00,0.000000000000000000e+00
-9.904747342454919590e+01,-1.562862737047180417e+02,0.000000000000000000e+00,0.000000000000000000e+00
-8.222205232864072855e+01,-1.562862737047180417e+02,0.000000000000000000e+00,0.000000000000000000e+00
-6.539663123273226120e+01,-1.562862737047180417e+02,0.000000000000000000e+00,0.000000000000000000e+00
-4.857121013682379385e+01,-1.562862737047180417e+02,0.000000000000000000e+00,0.000000000000000000e+00
-3.174578904091532650e+01,-1.562862737047180417e+02,0.000000000000000000e+00,0.000000000000000000e+00
-1.492036794500685914e+01,-1.562862737047180417e+02,0.000000000000000000e+00,0.000000000000000000e+00
1.905053150901608205e+00,-1.562862737047180417e+02,0.000000000000000000e+00,0.000000000000000000e+00
1.873047424681007556e+01,-1.562862737047180417e+02,0.000000000000000000e+00,0.000000000000000000e+00
3.555589534271854291e+01,-1.562862737047180417e+02,0.000000000000000000e+00,0.000000000000000000e+00
5.238131643862701026e+01,-1.562862737047180417e+02,0.000000000000000000e+00,0.000000000000000000e+00
6.920673753453547761e+01,-1.562862737047180417e+02,0.000000000000000000e+00,0.000000000000000000e+00
8.603215863044397338e+01,-1.562862737047180417e+02,0.000000000000000000e+00,0.000000000000000000e+00
1.028575797263524123e+02,-1.562862737047180417e+02,0.000000000000000000e+00,0.000000000000000000e+00
1.196830008222608512e+02,-1.562862737047180417e+02,0.000000000000000000e+00,0.000000000000000000e+00
-1.411110261643203785e+02,-1.417150316062907223e+02,0.000000000000000000e+00,0.000000000000000000e+00
-1.242856050684118969e+02,-1.417150316062907223e+02,0.000000000000000000e+00,0.000000000000000000e+00
-1.074601839725034296e+02,-1.417150316062907223e+02,0.000000000000000000e+00,0.000000000000000000e+00
-9.063476287659496222e+01,-1.417150316062907223e+02,0.000000000000000000e+00,0.000000000000000000e+00
-7.380934178068649487e+01,-1.417150316062907223e+02,0.000000000000000000e+00,0.000000000000000000e+00
-5.698392068477803463e+01,-1.417150316062907223e+02,0.000000000000000000e+00,0.000000000000000000e+00
-4.015849958886956728e+01,-1.417150316062907223e+02,0.000000000000000000e+00,0.000000000000000000e+00
-2.333307849296109993e+01,-1.417150316062907223e+02,0.000000000000000000e+00,0.000000000000000000e+00
-6.507657397052630799e+00,-1.417150316062907223e+02,0.000000000000000000e+00,0.000000000000000000e+00
1.031776369885583655e+01,-1.417150316062907223e+02,0.000000000000000000e+00,0.000000000000000000e+00
2.714318479476430213e+01,-1.417150316062907223e+02,0.000000000000000000e+00,0.000000000000000000e+00
4.396860589067276948e+01,-1.417150316062907223e+02,0.000000000000000000e+00,0.000000000000000000e+00
6.079402698658123683e+01,-1.417150316062907223e+02,0.000000000000000000e+00,0.000000000000000000e+00
7.761944808248971128e+01,-1.417150316062907223e+02,0.000000000000000000e+00,0.000000000000000000e+00
9.444486917839820705e+01,-1.417150316062907223e+02,0.000000000000000000e+00,0.000000000000000000e+00
1.112702902743066460e+02,-1.417150316062907223e+02,0.000000000000000000e+00,0.000000000000000000e+00
1.280957113702150707e+02,-1.417150316062907223e+02,0.000000000000000000e+00,0.000000000000000000e+00
-1.495237367122745979e+02,-1.271437895078634028e+02,0.000000000000000000e+00,0.000000000000000000e+00
-1.326983156163661306e+02,-1.271437895078634028e+02,0.000000000000000000e+00,0.000000000000000000e+00
-1.158728945204576632e+02,-1.271437895078634028e+02,0.000000000000000000e+00,0.000000000000000000e+00
-9.904747342454919590e+01,-1.271437895078634028e+02,0.000000000000000000e+00,0.000000000000000000e+00
-8.222205232864072855e+01,-1.271437895078634028e+02,0.000000000000000000e+00,0.000000000000000000e+00
-6.539663123273226120e+01,-1.271437895078634028e+02,0.000000000000000000e+00,0.000000000000000000e+00
-4.857121013682379385e+01,-1.271437895078634028e+02,0.000000000000000000e+00,0.000000000000000000e+00
-3.174578904091532650e+01,-1.271437895078634028e+02,0.000000000000000000e+00,0.000000000000000000e+00
-1.492036794500685914e+01,-1.271437895078634028e+02,0.000000000000000000e+00,0.000000000000000000e+00
1.905053150901608205e+00,-1.271437895078634028e+02,0.000000000000000000e+00,0.000000000000000000e+00
1.873047424681007556e+01,-1.271437895078634028e+02,0.000000000000000000e+00,0.000000000000000000e+00
3.555589534271854291e+01,-1.271437895078634028e+02,0.000000000000000000e+00,0.000000000000000000e+00
5.238131643862701026e+01,-1.271437895078634028e+02,0.000000000000000000e+00,0.000000000000000000e+00
6.920673753453547761e+01,-1.271437895078634028e+02,0.000000000000000000e+00,0.000000000000000000e+00
8.603215863044397338e+01,-1.271437895078634028e+02,0.000000000000000000e+00,0.000000000000000000e+00
1.028575797263524123e+02,-1.271437895078634028e+02,0.000000000000000000e+00,0.000000000000000000e+00
1.196830008222608512e+02,-1.271437895078634028e+02,0.000000000000000000e+00,0.000000000000000000e+00
1.365084219181693470e+02,-1.271437895078634028e+02,0.000000000000000000e+00,0.000000000000000000e+00
1.533338430140778428e+02,-1.271437895078634028e+02,0.000000000000000000e+00,0.000000000000000000e+00
-1.579364472602288458e+02,-1.125725474094360834e+02,0.000000000000000000e+00,0.000000000000000000e+00
-1.411110261643203785e+02,-1.125725474094360834e+02,0.000000000000000000e+00,0.000000000000000000e+00
-1.242856050684118969e+02,-1.125725474094360834e+02,0.000000000000000000e+00,0.000000000000000000e+00
-1.074601839725034296e+02,-1.125725474094360834e+02,0.000000000000000000e+00,0.000000000000000000e+00
-9.063476287659496222e+01,-1.125725474094360834e+02,0.000000000000000000e+00,0.000000000000000000e+00
-7.380934178068649487e+01,-1.125725474094360834e+02,0.000000000000000000e+00,0.000000000000000000e+00
-5.698392068477803463e+01,-1.125725474094360834e+02,0.000000000000000000e+00,0.000000000000000000e+00
-4.015849958886956728e+01,-1.125725474094360834e+02,0.000000000000000000e+00,0.000000000000000000e+00
-2.333307849296109993e+01,-1.125725474094360834e+02,0.000000000000000000e+00,0.000000000000000000e+00
-6.507657397052630799e+00,-1.125725474094360834e+02,0.000000000000000000e+00,0.000000000000000000e+00
1.031776369885583655e+01,-1.125725474094360834e+02,0.000000000000000000e+00,0.000000000000000000e+00
2.714318479476430213e+01,-1.125725474094360834e+02,0.000000000000000000e+00,0.000000000000000000e+00
4.396860589067276948e+01,-1.125725474094360834e+02,0.000000000000000000e+00,0.000000000000000000e+00
6.079402698658123683e+01,-1.125725474094360834e+02,0.000000000000000000e+00,0.000000000000000000e+00
7.761944808248971128e+01,-1.125725474094360834e+02,0.000000000000000000e+00,0.000000000000000000e+00
9.444486917839820705e+01,-1.125725474094360834e+02,0.000000000000000000e+00,0.000000000000000000e+00
1.112702902743066460e+02,-1.125725474094360834e+02,0.000000000000000000e+00,0.000000000000000000e+00
1.280957113702150707e+02,-1.125725474094360834e+02,0.000000000000000000e+00,0.000000000000000000e+00
1.449211324661235665e+02,-1.125725474094360834e+02,0.000000000000000000e+00,0.000000000000000000e+00
1.617465535620320622e+02,-1.125725474094360834e+02,0.000000000000000000e+00,0.000000000000000000e+00
-1.663491578081830653e+02,-9.800130531100876397e+01,0.000000000000000000e+00,0.000000000000000000e+00
-1.495237367122745979e+02,-9.800130531100876397e+01,0.000000000000000000e+00,0.000000000000000000e+00
-1.326983156163661306e+02,-9.800130531100876397e+01,0.000000000000000000e+00,0.000000000000000000e+00
-1.158728945204576632e+02,-9.800130531100876397e+01,0.000000000000000000e+00,0.000000000000000000e+00
-9.904747342454919590e+01,-9.800130531100876397e+01,0.000000000000000000e+00,0.000000000000000000e+00
-8.222205232864072855e+01,-9.800130531100876397e+01,0.000000000000000000e+00,0.000000000000000000e+00
-6.539663123273226120e+01,-9.800130531100876397e+01,0.000000000000000000e+00,0.000000000000000000e+00
-4.857121013682379385e+01,-9.800130531100876397e+01,0.000000000000000000e+00,0.000000000000000000e+00
-3.174578904091532650e+01,-9.800130531100876397e+01,0.000000000000000000e+00,0.000000000000000000e+00
-1.492036794500685914e+01,-9.800130531100876397e+01,0.000000000000000000e+00,0.000000000000000000e+00
1.905053150901608205e+00,-9.800130531100876397e+01,0.000000000000000000e+00,0.000000000000000000e+00
1.873047424681007556e+01,-9.800130531100876397e+01,0.000000000000000000e+00,0.000000000000000000e+00
3.555589534271854291e+01,-9.800130531100876397e+01,0.000000000000000000e+00,0.000000000000000000e+00
5.238131643862701026e+01,-9.800130531100876397e+01,0.000000000000000000e+00,0.000000000000000000e+00
6.920673753453547761e+01,-9.800130531100876397e+01,0.000000000000000000e+00,0.000000000000000000e+00
8.603215863044397338e+01,-9.800130531100876397e+01,0.000000000000000000e+00,0.000000000000000000e+00
1.028575797263524123e+02,-9.800130531100876397e+01,0.000000000000000000e+00,0.000000000000000000e+00
1.196830008222608512e+02,-9.800130531100876397e+01,0.000000000000000000e+00,0.000000000000000000e+00
1.365084219181693470e+02,-9.800130531100876397e+01,0.000000000000000000e+00,0.000000000000000000e+00
1.533338430140778428e+02,-9.800130531100876397e+01,0.000000000000000000e+00,0.000000000000000000e+00
1.701592641099862817e+02,-9.800130531100876397e+01,0.000000000000000000e+00,0.000000000000000000e+00
-1.747618683561373132e+02,-8.343006321258144453e+01,0.000000000000000000e+00,0.000000000000000000e+00
-1.579364472602288458e+02,-8.343006321258144453e+01,0.000000000000000000e+00,0.000000000000000000e+00
-1.411110261643203785e+02,-8.343006321258144453e+01,0.000000000000000000e+00,0.000000000000000000e+00
-1.242856050684118969e+02,-8.343006321258144453e+01,0.000000000000000000e+00,0.000000000000000000e+00
-1.074601839725034296e+02,-8.343006321258144453e+01,0.000000000000000000e+00,0.000000000000000000e+00
-9.063476287659496222e+01,-8.343006321258144453e+01,0.000000000000000000e+00,0.000000000000000000e+00
-7.380934178068649487e+01,-8.343006321258144453e+01,0.000000000000000000e+00,0.000000000000000000e+00
-5.698392068477803463e+01,-8.343006321258144453e+01,0.000000000000000000e+00,0.000000000000000000e+00
-4.015849958886956728e+01,-8.343006321258144453e+01,0.000000000000000000e+00,0.000000000000000000e+00
-2.333307849296109993e+01,-8.343006321258144453e+01,0.000000000000000000e+00,0.000000000000000000e+00
-6.507657397052630799e+00,-8.343006321258144453e+01,0.000000000000000000e+00,0.000000000000000000e+00
1.031776369885583655e+01,-8.343006321258144453e+01,0.000000000000000000e+00,0.000000000000000000e+00
2.714318479476430213e+01,-8.343006321258144453e+01,0.000000000000000000e+00,0.000000000000000000e+00
4.396860589067276948e+01,-8.343006321258144453e+01,0.000000000000000000e+00,0.000000000000000000e+00
6.079402698658123683e+01,-8.343006321258144453e+01,0.000000000000000000e+00,0.000000000000000000e+00
7.761944808248971128e+01,-8.343006321258144453e+01,0.000000000000000000e+00,0.000000000000000000e+00
9.444486917839820705e+01,-8.343006321258144453e+01,0.000000000000000000e+00,0.000000000000000000e+00
1.112702902743066460e+02,-8.343006321258144453e+01,0.000000000000000000e+00,0.000000000000000000e+00
1.280957113702150707e+02,-8.343006321258144453e+01,0.000000000000000000e+00,0.000000000000000000e+00
1.449211324661235665e+02,-8.343006321258144453e+01,0.000000000000000000e+00,0.000000000000000000e+00
1.617465535620320622e+02,-8.343006321258144453e+01,0.000000000000000000e+00,0.000000000000000000e+00
1.785719746579405012e+02,-8.343006321258144453e+01,0.000000000000000000e+00,0.000000000000000000e+00
-1.831745789040915326e+02,-6.885882111415412510e+01,0.000000000000000000e+00,0.000000000000000000e+00
-1.663491578081830653e+02,-6.885882111415412510e+01,0.000000000000000000e+00,0.000000000000000000e+00
-1.495237367122745979e+02,-6.885882111415412510e+01,0.000000000000000000e+00,0.000000000000000000e+00
-1.326983156163661306e+02,-6.885882111415412510e+01,0.000000000000000000e+00,0.000000000000000000e+00
-1.158728945204576632e+02,-6.885882111415412510e+01,0.000000000000000000e+00,0.000000000000000000e+00
-9.904747342454919590e+01,-6.885882111415412510e+01,0.000000000000000000e+00,0.000000000000000000e+00
-8.222205232864072855e+01,-6.885882111415412510e+01,0.000000000000000000e+00,0.000000000000000000e+00
-6.539663123273226120e+01,-6.885882111415412510e+01,0.000000000000000000e+00,0.000000000000000000e+00
-4.857121013682379385e+01,-6.885882111415412510e+01,0.000000000000000000e+00,0.000000000000000000e+00
-3.174578904091532650e+01,-6.885882111415412510e+01,0.000000000000000000e+00,0.000000000000000000e+00
-1.492036794500685914e+01,-6.885882111415412510e+01,0.000000000000000000e+00,0.000000000000000000e+00
1.905053150901608205e+00,-6.885882111415412510e+01,0.000000000000000000e+00,0.000000000000000000e+00
1.873047424681007556e+01,-6.885882111415412510e+01,0.000000000000000000e+00,0.000000000000000000e+00
3.555589534271854291e+01,-6.885882111415412510e+01,0.000000000000000000e+00,0.000000000000000000e+00
5.238131643862701026e+01,-6.885882111415412510e+01,0.000000000000000000e+00,0.000000000000000000e+00
6.920673753453547761e+01,-6.885882111415412510e+01,0.000000000000000000e+00,0.000000000000000000e+00
8.603215863044397338e+01,-6.885882111415412510e+01,0.000000000000000000e+00,0.000000000000000000e+00
1.028575797263524123e+02,-6.885882111415412510e+01,0.000000000000000000e+00,0.000000000000000000e+00
1.196830008222608512e+02,-6.885882111415412510e+01,0.000000000000000000e+00,0.000000000000000000e+00
1.365084219181693470e+02,-6.885882111415412510e+01,0.000000000000000000e+00,0.000000000000000000e+00
1.533338430140778428e+02,-6.885882111415412510e+01,0.000000000000000000e+00,0.000000000000000000e+00
1.701592641099862817e+02,-6.885882111415412510e+01,0.000000000000000000e+00,0.000000000000000000e+00
1.869846852058947206e+02,-6.885882111415412510e+01,0.000000000000000000e+00,0.000000000000000000e+00
-1.915872894520457805e+02,-5.428757901572680566e+01,0.000000000000000000e+00,0.000000000000000000e+00
-1.747618683561373132e+02,-5.428757901572680566e+01,0.000000000000000000e+00,0.000000000000000000e+00
-1.579364472602288458e+02,-5.428757901572680566e+01,0.000000000000000000e+00,0.000000000000000000e+00
-1.411110261643203785e+02,-5.428757901572680566e+01,0.000000000000000000e+00,0.000000000000000000e+00
-1.242856050684118969e+02,-5.428757901572680566e+01,0.000000000000000000e+00,0.000000000000000000e+00
-1.074601839725034296e+02,-5.428757901572680566e+01,0.000000000000000000e+00,0.000000000000000000e+00
-9.063476287659496222e+01,-5.428757901572680566e+01,0.000000000000000000e+00,0.000000000000000000e+00
-7.380934178068649487e+01,-5.428757901572680566e+01,0.000000000000000000e+00,0.000000000000000000e+00
-5.698392068477803463e+01,-5.428757901572680566e+01,0.000000000000000000e+00,0.000000000000000000e+00
-4.015849958886956728e+01,-5.428757901572680566e+01,0.000000000000000000e+00,0.000000000000000000e+00
-2.333307849296109993e+01,-5.428757901572680566e+01,0.000000000000000000e+00,0.000000000000000000e+00
-6.507657397052630799e+00,-5.428757901572680566e+01,0.000000000000000000e+00,0.000000000000000000e+00
1.031776369885583655e+01,-5.428757901572680566e+01,0.000000000000000000e+00,0.000000000000000000e+00
2.714318479476430213e+01,-5.428757901572680566e+01,0.000000000000000000e+00,0.000000000000000000e+00
4.396860589067276948e+01,-5.428757901572680566e+01,0.000000000000000000e+00,0.000000000000000000e+00
6.079402698658123683e+01,-5.428757901572680566e+01,0.000000000000000000e+00,0.000000000000000000e+00
7.761944808248971128e+01,-5.428757901572680566e+01,0.000000000000000000e+00,0.000000000000000000e+00
9.444486917839820705e+01,-5.428757901572680566e+01,0.000000000000000000e+00,0.000000000000000000e+00
1.112702902743066460e+02,-5.428757901572680566e+01,0.000000000000000000e+00,0.000000000000000000e+00
1.280957113702150707e+02,-5.428757901572680566e+01,0.000000000000000000e+00,0.000000000000000000e+00
1.449211324661235665e+02,-5.428757901572680566e+01,0.000000000000000000e+00,0.000000000000000000e+00
1.617465535620320622e+02,-5.428757901572680566e+01,0.000000000000000000e+00,0.000000000000000000e+00
1.785719746579405012e+02,-5.428757901572680566e+01,0.000000000000000000e+00,0.000000000000000000e+00
-1.831745789040915326e+02,-3.971633691729948623e+01,0.000000000000000000e+00,0.000000000000000000e+00
-1.663491578081830653e+02,-3.971633691729948623e+01,0.000000000000000000e+00,0.000000000000000000e+00
-1.495237367122745979e+02,-3.971633691729948623e+01,0.000000000000000000e+00,0.000000000000000000e+00
-1.326983156163661306e+02,-3.971633691729948623e+01,0.000000000000000000e+00,0.000000000000000000e+00
-1.158728945204576632e+02,-3.971633691729948623e+01,0.000000000000000000e+00,0.000000000000000000e+00
-9.904747342454919590e+01,-3.971633691729948623e+01,0.000000000000000000e+00,0.000000000000000000e+00
-8.222205232864072855e+01,-3.971633691729948623e+01,0.000000000000000000e+00,0.000000000000000000e+00
-6.539663123273226120e+01,-3.971633691729948623e+01,0.000000000000000000e+00,0.000000000000000000e+00
-4.857121013682379385e+01,-3.971633691729948623e+01,0.000000000000000000e+00,0.000000000000000000e+00
-3.174578904091532650e+01,-3.971633691729948623e+01,0.000000000000000000e+00,0.000000000000000000e+00
-1.492036794500685914e+01,-3.971633691729948623e+01,0.000000000000000000e+00,0.000000000000000000e+00
1.905053150901608205e+00,-3.971633691729948623e+01,0.000000000000000000e+00,0.000000000000000000e+00
1.873047424681007556e+01,-3.971633691729948623e+01,0.000000000000000000e+00,0.000000000000000000e+00
3.555589534271854291e+01,-3.971633691729948623e+01,0.000000000000000000e+00,0.000000000000000000e+00
5.238131643862701026e+01,-3.971633691729948623e+01,0.000000000000000000e+00,0.000000000000000000e+00
6.920673753453547761e+01,-3.971633691729948623e+01,0.000000000000000000e+00,0.000000000000000000e+00
8.603215863044397338e+01,-3.971633691729948623e+01,0.000000000000000000e+00,0.000000000000000000e+00
1.028575797263524123e+02,-3.971633691729948623e+01,0.000000000000000000e+00,0.000000000000000000e+00
1.196830008222608512e+02,-3.971633691729948623e+01,0.000000000000000000e+00,0.000000000000000000e+00
1.365084219181693470e+02,-3.971633691729948623e+01,0.000000000000000000e+00,0.000000000000000000e+00
1.533338430140778428e+02,-3.971633691729948623e+01,0.000000000000000000e+00,0.000000000000000000e+00
1.701592641099862817e+02,-3.971633691729948623e+01,0.000000000000000000e+00,0.000000000000000000e+00
1.869846852058947206e+02,-3.971633691729948623e+01,0.000000000000000000e+00,0.000000000000000000e+00
-1.915872894520457805e+02,-2.514509481887216680e+01,0.000000000000000000e+00,0.000000000000000000e+00
-1.747618683561373132e+02,-2.514509481887216680e+01,0.000000000000000000e+00,0.000000000000000000e+00
-1.579364472602288458e+02,-2.514509481887216680e+01,0.000000000000000000e+00,0.000000000000000000e+00
-1.411110261643203785e+02,-2.514509481887216680e+01,0.000000000000000000e+00,0.000000000000000000e+00
-1.242856050684118969e+02,-2.514509481887216680e+01,0.000000000000000000e+00,0.000000000000000000e+00
-1.074601839725034296e+02,-2.514509481887216680e+01,0.000000000000000000e+00,0.000000000000000000e+00
-9.063476287659496222e+01,-2.514509481887216680e+01,0.000000000000000000e+00,0.000000000000000000e+00
-7.380934178068649487e+01,-2.514509481887216680e+01,0.000000000000000000e+00,0.000000000000000000e+00
-5.698392068477803463e+01,-2.514509481887216680e+01,0.000000000000000000e+00,0.000000000000000000e+00
-4.015849958886956728e+01,-2.514509481887216680e+01,0.000000000000000000e+00,0.000000000000000000e+00
-2.333307849296109993e+01,-2.514509481887216680e+01,0.000000000000000000e+00,0.000000000000000000e+00
-6.507657397052630799e+00,-2.514509481887216680e+01,0.000000000000000000e+00,0.000000000000000000e+00
1.031776369885583655e+01,-2.514509481887216680e+01,0.000000000000000000e+00,0.000000000000000000e+00
2.714318479476430213e+01,-2.514509481887216680e+01,0.000000000000000000e+00,0.000000000000000000e+00
4.396860589067276948e+01,-2.514509481887216680e+01,0.000000000000000000e+00,0.000000000000000000e+00
6.079402698658123683e+01,-2.514509481887216680e+01,0.000000000000000000e+00,0.000000000000000000e+00
7.761944808248971128e+01,-2.514509481887216680e+01,0.000000000000000000e+00,0.000000000000000000e+00
9.444486917839820705e+01,-2.514509481887216680e+01,0.000000000000000000e+00,0.000000000000000000e+00
1.112702902743066460e+02,-2.514509481887216680e+01,0.000000000000000000e+00,0.000000000000000000e+00
1.280957113702150707e+02,-2.514509481887216680e+01,0.000000000000000000e+00,0.000000000000000000e+00
1.449211324661235665e+02,-2.514509481887216680e+01,0.000000000000000000e+00,0.000000000000000000e+00
1.617465535620320622e+02,-2.514509481887216680e+01,0.000000000000000000e+00,0.000000000000000000e+00
1.785719746579405012e+02,-2.514509481887216680e+01,0.000000000000000000e+00,0.000000000000000000e+00
1.953973957538489401e+02,-2.514509481887216680e+01,0.000000000000000000e+00,0.000000000000000000e+00
-1.831745789040915326e+02,-1.057385272044484736e+01,0.000000000000000000e+00,0.000000000000000000e+00
-1.663491578081830653e+02,-1.057385272044484736e+01,0.000000000000000000e+00,0.000000000000000000e+00
-1.495237367122745979e+02,-1.057385272044484736e+01,0.000000000000000000e+00,0.000000000000000000e+00
-1.326983156163661306e+02,-1.057385272044484736e+01,0.000000000000000000e+00,0.000000000000000000e+00
-1.158728945204576632e+02,-1.057385272044484736e+01,0.000000000000000000e+00,0.000000000000000000e+00
-9.904747342454919590e+01,-1.057385272044484736e+01,0.000000000000000000e+00,0.000000000000000000e+00
-8.222205232864072855e+01,-1.057385272044484736e+01,0.000000000000000000e+00,0.000000000000000000e+00
-6.539663123273226120e+01,-1.057385272044484736e+01,0.000000000000000000e+00,0.000000000000000000e+00
-4.857121013682379385e+01,-1.057385272044484736e+01,0.000000000000000000e+00,0.000000000000000000e+00
-3.174578904091532650e+01,-1.057385272044484736e+01,0.000000000000000000e+00,0.000000000000000000e+00
-1.492036794500685914e+01,-1.057385272044484736e+01,0.000000000000000000e+00,0.000000000000000000e+00
1.905053150901608205e+00,-1.057385272044484736e+01,0.000000000000000000e+00,0.000000000000000000e+00
1.873047424681007556e+01,-1.057385272044484736e+01,0.000000000000000000e+00,0.000000000000000000e+00
3.555589534271854291e+01,-1.057385272044484736e+01,0.000000000000000000e+00,0.000000000000000000e+00
5.238131643862701026e+01,-1.057385272044484736e+01,0.000000000000000000e+00,0.000000000000000000e+00
6.920673753453547761e+01,-1.057385272044484736e+01,0.000000000000000000e+00,0.000000000000000000e+00
8.603215863044397338e+01,-1.057385272044484736e+01,0.000000000000000000e+00,0.000000000000000000e+00
1.028575797263524123e+02,-1.057385272044484736e+01,0.000000000000000000e+00,0.000000000000000000e+00
1.196830008222608512e+02,-1.057385272044484736e+01,0.000000000000000000e+00,0.000000000000000000e+00
1.365084219181693470e+02,-1.057385272044484736e+01,0.000000000000000000e+00,0.000000000000000000e+00
1.533338430140778428e+02,-1.057385272044484736e+01,0.000000000000000000e+00,0.000000000000000000e+00
1.701592641099862817e+02,-1.057385272044484736e+01,0.000000000000000000e+00,0.000000000000000000e+00
1.869846852058947206e+02,-1.057385272044484736e+01,0.000000000000000000e+00,0.000000000000000000e+00
-1.915872894520457805e+02,3.997389377982472070e+00,0.000000000000000000e+00,0.000000000000000000e+00
-1.747618683561373132e+02,3.997389377982472070e+00,0.000000000000000000e+00,0.000000000000000000e+00
-1.579364472602288458e+02,3.997389377982472070e+00,0.000000000000000000e+00,0.000000000000000000e+00
-1.411110261643203785e+02,3.997389377982472070e+00,0.000000000000000000e+00,0.000000000000000000e+00
-1.242856050684118969e+02,3.997389377982472070e+00,0.000000000000000000e+00,0.000000000000000000e+00
-1.074601839725034296e+02,3.997389377982472070e+00,0.000000000000000000e+00,0.000000000000000000e+00
-9.063476287659496222e+01,3.997389377982472070e+00,0.000000000000000000e+00,0.000000000000000000e+00
-7.380934178068649487e+01,3.997389377982472070e+00,0.000000000000000000e+00,0.000000000000000000e+00
-5.698392068477803463e+01,3.997389377982472070e+00,0.000000000000000000e+00,0.000000000000000000e+00
-4.015849958886956728e+01,3.997389377982472070e+00,0.000000000000000000e+00,0.000000000000000000e+00
-2.333307849296109993e+01,3.997389377982472070e+00,0.000000000000000000e+00,0.000000000000000000e+00
-6.507657397052630799e+00,3.997389377982472070e+00,0.000000000000000000e+00,0.000000000000000000e+00
1.031776369885583655e+01,3.997389377982472070e+00,0.000000000000000000e+00,0.000000000000000000e+00
2.714318479476430213e+01,3.997389377982472070e+00,0.000000000000000000e+00,0.000000000000000000e+00
4.396860589067276948e+01,3.997389377982472070e+00,0.000000000000000000e+00,0.000000000000000000e+00
6.079402698658123683e+01,3.997389377982472070e+00,0.000000000000000000e+00,0.000000000000000000e+00
7.761944808248971128e+01,3.997389377982472070e+00,0.000000000000000000e+00,0.000000000000000000e+00
9.444486917839820705e+01,3.997389377982472070e+00,0.000000000000000000e+00,0.000000000000000000e+00
1.112702902743066460e+02,3.997389377982472070e+00,0.000000000000000000e+00,0.000000000000000000e+00
1.280957113702150707e+02,3.997389377982472070e+00,0.000000000000000000e+00,0.000000000000000000e+00
1.449211324661235665e+02,3.997389377982472070e+00,0.000000000000000000e+00,0.000000000000000000e+00
1.617465535620320622e+02,3.997389377982472070e+00,0.000000000000000000e+00,0.000000000000000000e+00
1.785719746579405012e+02,3.997389377982472070e+00,0.000000000000000000e+00,0.000000000000000000e+00
1.953973957538489401e+02,3.997389377982472070e+00,0.000000000000000000e+00,0.000000000000000000e+00
-1.831745789040915326e+02,1.856863147640979150e+01,0.000000000000000000e+00,0.000000000000000000e+00
-1.663491578081830653e+02,1.856863147640979150e+01,0.000000000000000000e+00,0.000000000000000000e+00
-1.495237367122745979e+02,1.856863147640979150e+01,0.000000000000000000e+00,0.000000000000000000e+00
-1.326983156163661306e+02,1.856863147640979150e+01,0.000000000000000000e+00,0.000000000000000000e+00
-1.158728945204576632e+02,1.856863147640979150e+01,0.000000000000000000e+00,0.000000000000000000e+00
-9.904747342454919590e+01,1.856863147640979150e+01,0.000000000000000000e+00,0.000000000000000000e+00
-8.222205232864072855e+01,1.856863147640979150e+01,0.000000000000000000e+00,0.000000000000000000e+00
-6.539663123273226120e+01,1.856863147640979150e+01,0.000000000000000000e+00,0.000000000000000000e+00
-4.857121013682379385e+01,1.856863147640979150e+01,0.000000000000000000e+00,0.000000000000000000e+00
-3.174578904091532650e+01,1.856863147640979150e+01,0.000000000000000000e+00,0.000000000000000000e+00
-1.492036794500685914e+01,1.856863147640979150e+01,0.000000000000000000e+00,0.000000000000000000e+00
1.905053150901608205e+00,1.856863147640979150e+01,0.000000000000000000e+00,0.000000000000000000e+00
1.873047424681007556e+01,1.856863147640979150e+01,0.000000000000000000e+00,0.000000000000000000e+00
3.555589534271854291e+01,1.856863147640979150e+01,0.000000000000000000e+00,0.000000000000000000e+00
5.238131643862701026e+01,1.856863147640979150e+01,0.000000000000000000e+00,0.000000000000000000e+00
6.920673753453547761e+01,1.856863147640979150e+01,0.000000000000000000e+00,0.000000000000000000e+00
8.603215863044397338e+01,1.856863147640979150e+01,0.000000000000000000e+00,0.000000000000000000e+00
1.028575797263524123e+02,1.856863147640979150e+01,0.000000000000000000e+00,0.000000000000000000e+00
1.196830008222608512e+02,1.856863147640979150e+01,0.000000000000000000e+00,0.000000000000000000e+00
1.365084219181693470e+02,1.856863147640979150e+01,0.000000000000000000e+00,0.000000000000000000e+00
1.533338430140778428e+02,1.856863147640979150e+01,0.000000000000000000e+00,0.000000000000000000e+00
1.701592641099862817e+02,1.856863147640979150e+01,0.000000000000000000e+00,0.000000000000000000e+00
1.869846852058947206e+02,1.856863147640979150e+01,0.000000000000000000e+00,0.000000000000000000e+00
-1.915872894520457805e+02,3.313987357483711094e+01,0.000000000000000000e+00,0.000000000000000000e+00
-1.747618683561373132e+02,3.313987357483711094e+01,0.000000000000000000e+00,0.000000000000000000e+00
-1.579364472602288458e+02,3.313987357483711094e+01,0.000000000000000000e+00,0.000000000000000000e+00
-1.411110261643203785e+02,3.313987357483711094e+01,0.000000000000000000e+00,0.000000000000000000e+00
-1.242856050684118969e+02,3.313987357483711094e+01,0.000000000000000000e+00,0.000000000000000000e+00
-1.074601839725034296e+02,3.313987357483711094e+01,0.000000000000000000e+00,0.000000000000000000e+00
-9.063476287659496222e+01,3.313987357483711094e+01,0.000000000000000000e+00,0.000000000000000000e+00
-7.380934178068649487e+01,3.313987357483711094e+01,0.000000000000000000e+00,0.000000000000000000e+00
-5.698392068477803463e+01,3.313987357483711094e+01,0.000000000000000000e+00,0.000000000000000000e+00
-4.015849958886956728e+01,3.313987357483711094e+01,0.000000000000000000e+00,0.000000000000000000e+00
-2.333307849296109993e+01,3.313987357483711094e+01,0.000000000000000000e+00,0.000000000000000000e+00
-6.507657397052630799e+00,3.313987357483711094e+01,0.000000000000000000e+00,0.000000000000000000e+00
1.031776369885583655e+01,3.313987357483711094e+01,0.000000000000000000e+00,0.000000000000000000e+00
2.714318479476430213e+01,3.313987357483711094e+01,0.000000000000000000e+00,0.000000000000000000e+00
4.396860589067276948e+01,3.313987357483711094e+01,0.000000000000000000e+00,0.000000000000000000e+00
6.079402698658123683e+01,3.313987357483711094e+01,0.000000000000000000e+00,0.000000000000000000e+00
7.761944808248971128e+01,3.313987357483711094e+01,0.000000000000000000e+00,0.000000000000000000e+00
9.444486917839820705e+01,3.313987357483711094e+01,0.000000000000000000e+00,0.000000000000000000e+00
1.112702902743066460e+02,3.313987357483711094e+01,0.000000000000000000e+00,0.000000000000000000e+00
1.280957113702150707e+02,3.313987357483711094e+01,0.000000000000000000e+00,0.000000000000000000e+00
1.449211324661235665e+02,3.313987357483711094e+01,0.000000000000000000e+00,0.000000000000000000e+00
1.617465535620320622e+02,3.313987357483711094e+01,0.000000000000000000e+00,0.000000000000000000e+00
1.785719746579405012e+02,3.313987357483711094e+01,0.000000000000000000e+00,0.000000000000000000e+00
1.953973957538489401e+02,3.313987357483711094e+01,0.000000000000000000e+00,0.000000000000000000e+00
-1.831745789040915326e+02,4.771111567326443037e+01,0.000000000000000000e+00,0.000000000000000000e+00
-1.663491578081830653e+02,4.771111567326443037e+01,0.000000000000000000e+00,0.000000000000000000e+00
-1.495237367122745979e+02,4.771111567326443037e+01,0.000000000000000000e+00,0.000000000000000000e+00
-1.326983156163661306e+02,4.771111567326443037e+01,0.000000000000000000e+00,0.000000000000000000e+00
-1.158728945204576632e+02,4.771111567326443037e+01,0.000000000000000000e+00,0.000000000000000000e+00
-9.904747342454919590e+01,4.771111567326443037e+01,0.000000000000000000e+00,0.000000000000000000e+00
-8.222205232864072855e+01,4.771111567326443037e+01,0.000000000000000000e+00,0.000000000000000000e+00
-6.539663123273226120e+01,4.771111567326443037e+01,0.000000000000000000e+00,0.000000000000000000e+00
-4.857121013682379385e+01,4.771111567326443037e+01,0.000000000000000000e+00,0.000000000000000000e+00
-3.174578904091532650e+01,4.771111567326443037e+01,0.000000000000000000e+00,0.000000000000000000e+00
-1.492036794500685914e+01,4.771111567326443037e+01,0.000000000000000000e+00,0.000000000000000000e+00
1.905053150901608205e+00,4.771111567326443037e+01,0.000000000000000000e+00,0.000000000000000000e+00
1.873047424681007556e+01,4.771111567326443037e+01,0.000000000000000000e+00,0.000000000000000000e+00
3.555589534271854291e+01,4.771111567326443037e+01,0.000000000000000000e+00,0.000000000000000000e+00
5.238131643862701026e+01,4.771111567326443037e+01,0.000000000000000000e+00,0.000000000000000000e+00
6.920673753453547761e+01,4.771111567326443037e+01,0.000000000000000000e+00,0.000000000000000000e+00
8.603215863044397338e+01,4.771111567326443037e+01,0.000000000000000000e+00,0.000000000000000000e+00
1.028575797263524123e+02,4.771111567326443037e+01,0.000000000000000000e+00,0.000000000000000000e+00
1.196830008222608512e+02,4.771111567326443037e+01,0.000000000000000000e+00,0.000000000000000000e+00
1.365084219181693470e+02,4.771111567326443037e+01,0.000000000000000000e+00,0.000000000000000000e+00
1.533338430140778428e+02,4.771111567326443037e+01,0.000000000000000000e+00,0.000000000000000000e+00
1.701592641099862817e+02,4.771111567326443037e+01,0.000000000000000000e+00,0.000000000000000000e+00
1.869846852058947206e+02,4.771111567326443037e+01,0.000000000000000000e+00,0.000000000000000000e+00
-1.747618683561373132e+02,6.228235777169174980e+01,0.000000000000000000e+00,0.000000000000000000e+00
-1.579364472602288458e+02,6.228235777169174980e+01,0.000000000000000000e+00,0.000000000000000000e+00
-1.411110261643203785e+02,6.228235777169174980e+01,0.000000000000000000e+00,0.000000000000000000e+00
-1.242856050684118969e+02,6.228235777169174980e+01,0.000000000000000000e+00,0.000000000000000000e+00
-1.074601839725034296e+02,6.228235777169174980e+01,0.000000000000000000e+00,0.000000000000000000e+00
-9.063476287659496222e+01,6.228235777169174980e+01,0.000000000000000000e+00,0.000000000000000000e+00
-7.380934178068649487e+01,6.228235777169174980e+01,0.000000000000000000e+00,0.000000000000000000e+00
-5.698392068477803463e+01,6.228235777169174980e+01,0.000000000000000000e+00,0.000000000000000000e+00
-4.015849958886956728e+01,6.228235777169174980e+01,0.000000000000000000e+00,0.000000000000000000e+00
-2.333307849296109993e+01,6.228235777169174980e+01,0.000000000000000000e+00,0.000000000000000000e+00
-6.507657397052630799e+00,6.228235777169174980e+01,0.000000000000000000e+00,0.000000000000000000e+00
1.031776369885583655e+01,6.228235777169174980e+01,0.000000000000000000e+00,0.000000000000000000e+00
2.714318479476430213e+01,6.228235777169174980e+01,0.000000000000000000e+00,0.000000000000000000e+00
4.396860589067276948e+01,6.228235777169174980e+01,0.000000000000000000e+00,0.000000000000000000e+00
6.079402698658123683e+01,6.228235777169174980e+01,0.000000000000000000e+00,0.000000000000000000e+00
7.761944808248971128e+01,6.228235777169174980e+01,0.000000000000000000e+00,0.000000000000000000e+00
9.444486917839820705e+01,6.228235777169174980e+01,0.000000000000000000e+00,0.000000000000000000e+00
1.112702902743066460e+02,6.228235777169174980e+01,0.000000000000000000e+00,0.000000000000000000e+00
1.280957113702150707e+02,6.228235777169174980e+01,0.000000000000000000e+00,0.000000000000000000e+00
1.449211324661235665e+02,6.228235777169174980e+01,0.000000000000000000e+00,0.000000000000000000e+00
1.617465535620320622e+02,6.228235777169174980e+01,0.000000000000000000e+00,0.000000000000000000e+00
1.785719746579405012e+02,6.228235777169174980e+01,0.000000000000000000e+00,0.000000000000000000e+00
-1.831745789040915326e+02,7.685359987011906924e+01,0.000000000000000000e+00,0.000000000000000000e+00
-1.663491578081830653e+02,7.685359987011906924e+01,0.000000000000000000e+00,0.000000000000000000e+00
-1.495237367122745979e+02,7.685359987011906924e+01,0.000000000000000000e+00,0.000000000000000000e+00
-1.326983156163661306e+02,7.685359987011906924e+01,0.000000000000000000e+00,0.000000000000000000e+00
-1.158728945204576632e+02,7.685359987011906924e+01,0.000000000000000000e+00,0.000000000000000000e+00
-9.904747342454919590e+01,7.685359987011906924e+01,0.000000000000000000e+00,0.000000000000000000e+00
-8.222205232864072855e+01,7.685359987011906924e+01,0.000000000000000000e+00,0.000000000000000000e+00
-6.539663123273226120e+01,7.685359987011906924e+01,0.000000000000000000e+00,0.000000000000000000e+00
-4.857121013682379385e+01,7.685359987011906924e+01,0.000000000000000000e+00,0.000000000000000000e+00
-3.174578904091532650e+01,7.685359987011906924e+01,0.000000000000000000e+00,0.000000000000000000e+00
-1.492036794500685914e+01,7.685359987011906924e+01,0.000000000000000000e+00,0.000000000000000000e+00
1.905053150901608205e+00,7.685359987011906924e+01,0.000000000000000000e+00,0.000000000000000000e+00
1.873047424681007556e+01,7.685359987011906924e+01,0.000000000000000000e+00,0.000000000000000000e+00
3.555589534271854291e+01,7.685359987011906924e+01,0.000000000000000000e+00,0.000000000000000000e+00
5.238131643862701026e+01,7.685359987011906924e+01,0.000000000000000000e+00,0.000000000000000000e+00
6.920673753453547761e+01,7.685359987011906924e+01,0.000000000000000000e+00,0.000000000000000000e+00
8.603215863044397338e+01,7.685359987011906924e+01,0.000000000000000000e+00,0.000000000000000000e+00
1.028575797263524123e+02,7.685359987011906924e+01,0.000000000000000000e+00,0.000000000000000000e+00
1.196830008222608512e+02,7.685359987011906924e+01,0.000000000000000000e+00,0.000000000000000000e+00
1.365084219181693470e+02,7.685359987011906924e+01,0.000000000000000000e+00,0.000000000000000000e+00
1.533338430140778428e+02,7.685359987011906924e+01,0.000000000000000000e+00,0.000000000000000000e+00
1.701592641099862817e+02,7.685359987011906924e+01,0.000000000000000000e+00,0.000000000000000000e+00
-1.747618683561373132e+02,9.142484196854638867e+01,0.000000000000000000e+00,0.000000000000000000e+00
-1.579364472602288458e+02,9.142484196854638867e+01,0.000000000000000000e+00,0.000000000000000000e+00
-1.411110261643203785e+02,9.142484196854638867e+01,0.000000000000000000e+00,0.000000000000000000e+00
-1.242856050684118969e+02,9.142484196854638867e+01,0.000000000000000000e+00,0.000000000000000000e+00
-1.074601839725034296e+02,9.142484196854638867e+01,0.000000000000000000e+00,0.000000000000000000e+00
-9.063476287659496222e+01,9.142484196854638867e+01,0.000000000000000000e+00,0.000000000000000000e+00
-7.380934178068649487e+01,9.142484196854638867e+01,0.000000000000000000e+00,0.000000000000000000e+00
-5.698392068477803463e+01,9.142484196854638867e+01,0.000000000000000000e+00,0.000000000000000000e+00
-4.015849958886956728e+01,9.142484196854638867e+01,0.000000000000000000e+00,0.000000000000000000e+00
-2.333307849296109993e+01,9.142484196854638867e+01,0.000000000000000000e+00,0.000000000000000000e+00
-6.507657397052630799e+00,9.142484196854638867e+01,0.000000000000000000e+00,0.000000000000000000e+00
1.031776369885583655e+01,9.142484196854638867e+01,0.000000000000000000e+00,0.000000000000000000e+00
2.714318479476430213e+01,9.142484196854638867e+01,0.000000000000000000e+00,0.000000000000000000e+00
4.396860589067276948e+01,9.142484196854638867e+01,0.000000000000000000e+00,0.000000000000000000e+00
6.079402698658123683e+01,9.142484196854638867e+01,0.000000000000000000e+00,0.000000000000000000e+00
7.761944808248971128e+01,9.142484196854638867e+01,0.000000000000000000e+00,0.000000000000000000e+00
9.444486917839820705e+01,9.142484196854638867e+01,0.000000000000000000e+00,0.000000000000000000e+00
1.112702902743066460e+02,9.142484196854638867e+01,0.000000000000000000e+00,0.000000000000000000e+00
1.280957113702150707e+02,9.142484196854638867e+01,0.000000000000000000e+00,0.000000000000000000e+00
1.449211324661235665e+02,9.142484196854638867e+01,0.000000000000000000e+00,0.000000000000000000e+00
1.617465535620320622e+02,9.142484196854638867e+01,0.000000000000000000e+00,0.000000000000000000e+00
-1.663491578081830653e+02,1.059960840669737081e+02,0.000000000000000000e+00,0.000000000000000000e+00
-1.495237367122745979e+02,1.059960840669737081e+02,0.000000000000000000e+00,0.000000000000000000e+00
-1.326983156163661306e+02,1.059960840669737081e+02,0.000000000000000000e+00,0.000000000000000000e+00
-1.158728945204576632e+02,1.059960840669737081e+02,0.000000000000000000e+00,0.000000000000000000e+00
-9.904747342454919590e+01,1.059960840669737081e+02,0.000000000000000000e+00,0.000000000000000000e+00
-8.222205232864072855e+01,1.059960840669737081e+02,0.000000000000000000e+00,0.000000000000000000e+00
-6.539663123273226120e+01,1.059960840669737081e+02,0.000000000000000000e+00,0.000000000000000000e+00
-4.857121013682379385e+01,1.059960840669737081e+02,0.000000000000000000e+00,0.000000000000000000e+00
-3.174578904091532650e+01,1.059960840669737081e+02,0.000000000000000000e+00,0.000000000000000000e+00
-1.492036794500685914e+01,1.059960840669737081e+02,0.000000000000000000e+00,0.000000000000000000e+00
1.905053150901608205e+00,1.059960840669737081e+02,0.000000000000000000e+00,0.000000000000000000e+00
1.873047424681007556e+01,1.059960840669737081e+02,0.000000000000000000e+00,0.000000000000000000e+00
3.555589534271854291e+01,1.059960840669737081e+02,0.000000000000000000e+00,0.000000000000000000e+00
5.238131643862701026e+01,1.059960840669737081e+02,0.000000000000000000e+00,0.000000000000000000e+00
6.920673753453547761e+01,1.059960840669737081e+02,0.000000000000000000e+00,0.000000000000000000e+00
8.603215863044397338e+01,1.059960840669737081e+02,0.000000000000000000e+00,0.000000000000000000e+00
1.028575797263524123e+02,1.059960840669737081e+02,0.000000000000000000e+00,0.000000000000000000e+00
1.196830008222608512e+02,1.059960840669737081e+02,0.000000000000000000e+00,0.000000000000000000e+00
1.365084219181693470e+02,1.059960840669737081e+02,0.000000000000000000e+00,0.000000000000000000e+00
1.533338430140778428e+02,1.059960840669737081e+02,0.000000000000000000e+00,0.000000000000000000e+00
-1.579364472602288458e+02,1.205673261654010275e+02,0.000000000000000000e+00,0.000000000000000000e+00
-1.411110261643203785e+02,1.205673261654010275e+02,0.000000000000000000e+00,0.000000000000000000e+00
-1.242856050684118969e+02,1.205673261654010275e+02,0.000000000000000000e+00,0.000000000000000000e+00
-1.074601839725034296e+02,1.205673261654010275e+02,0.000000000000000000e+00,0.000000000000000000e+00
-9.063476287659496222e+01,1.205673261654010275e+02,0.000000000000000000e+00,0.000000000000000000e+00
-7.380934178068649487e+01,1.205673261654010275e+02,0.000000000000000000e+00,0.000000000000000000e+00
-5.698392068477803463e+01,1.205673261654010275e+02,0.000000000000000000e+00,0.000000000000000000e+00
-4.015849958886956728e+01,1.205673261654010275e+02,0.000000000000000000e+00,0.000000000000000000e+00
-2.333307849296109993e+01,1.205673261654010275e+02,0.000000000000000000e+00,0.000000000000000000e+00
-6.507657397052630799e+00,1.205673261654010275e+02,0.000000000000000000e+00,0.000000000000000000e+00
1.031776369885583655e+01,1.205673261654010275e+02,0.000000000000000000e+00,0.000000000000000000e+00
2.714318479476430213e+01,1.205673261654010275e+02,0.000000000000000000e+00,0.000000000000000000e+00
4.396860589067276948e+01,1.205673261654010275e+02,0.000000000000000000e+00,0.000000000000000000e+00
6.079402698658123683e+01,1.205673261654010275e+02,0.000000000000000000e+00,0.000000000000000000e+00
7.761944808248971128e+01,1.205673261654010275e+02,0.000000000000000000e+00,0.000000000000000000e+00
9.444486917839820705e+01,1.205673261654010275e+02,0.000000000000000000e+00,0.000000000000000000e+00
1.112702902743066460e+02,1.205673261654010275e+02,0.000000000000000000e+00,0.000000000000000000e+00
1.280957113702150707e+02,1.205673261654010275e+02,0.000000000000000000e+00,0.000000000000000000e+00
1.449211324661235665e+02,1.205673261654010275e+02,0.000000000000000000e+00,0.000000000000000000e+00
-1.326983156163661306e+02,1.351385682638283470e+02,0.000000000000000000e+00,0.000000000000000000e+00
-1.158728945204576632e+02,1.351385682638283470e+02,0.000000000000000000e+00,0.000000000000000000e+00
-9.904747342454919590e+01,1.351385682638283470e+02,0.000000000000000000e+00,0.000000000000000000e+00
-8.222205232864072855e+01,1.351385682638283470e+02,0.000000000000000000e+00,0.000000000000000000e+00
-6.539663123273226120e+01,1.351385682638283470e+02,0.000000000000000000e+00,0.000000000000000000e+00
-4.857121013682379385e+01,1.351385682638283470e+02,0.000000000000000000e+00,0.000000000000000000e+00
-3.174578904091532650e+01,1.351385682638283470e+02,0.000000000000000000e+00,0.000000000000000000e+00
-1.492036794500685914e+01,1.351385682638283470e+02,0.000000000000000000e+00,0.000000000000000000e+00
1.905053150901608205e+00,1.351385682638283470e+02,0.000000000000000000e+00,0.000000000000000000e+00
1.873047424681007556e+01,1.351385682638283470e+02,0.000000000000000000e+00,0.000000000000000000e+00
3.555589534271854291e+01,1.351385682638283470e+02,0.000000000000000000e+00,0.000000000000000000e+00
5.238131643862701026e+01,1.351385682638283470e+02,0.000000000000000000e+00,0.000000000000000000e+00
6.920673753453547761e+01,1.351385682638283470e+02,0.000000000000000000e+00,0.000000000000000000e+00
8.603215863044397338e+01,1.351385682638283470e+02,0.000000000000000000e+00,0.000000000000000000e+00
1.028575797263524123e+02,1.351385682638283470e+02,0.000000000000000000e+00,0.000000000000000000e+00
1.196830008222608512e+02,1.351385682638283470e+02,0.000000000000000000e+00,0.000000000000000000e+00
1.365084219181693470e+02,1.351385682638283470e+02,0.000000000000000000e+00,0.000000000000000000e+00
-1.242856050684118969e+02,1.497098103622556664e+02,0.000000000000000000e+00,0.000000000000000000e+00
-1.074601839725034296e+02,1.497098103622556664e+02,0.000000000000000000e+00,0.000000000000000000e+00
-9.063476287659496222e+01,1.497098103622556664e+02,0.000000000000000000e+00,0.000000000000000000e+00
-7.380934178068649487e+01,1.497098103622556664e+02,0.000000000000000000e+00,0.000000000000000000e+00
-5.698392068477803463e+01,1.497098103622556664e+02,0.000000000000000000e+00,0.000000000000000000e+00
-4.015849958886956728e+01,1.497098103622556664e+02,0.000000000000000000e+00,0.000000000000000000e+00
-2.333307849296109993e+01,1.497098103622556664e+02,0.000000000000000000e+00,0.000000000000000000e+00
-6.507657397052630799e+00,1.497098103622556664e+02,0.000000000000000000e+00,0.000000000000000000e+00
1.031776369885583655e+01,1.497098103622556664e+02,0.000000000000000000e+00,0.000000000000000000e+00
2.714318479476430213e+01,1.497098103622556664e+02,0.000000000000000000e+00,0.000000000000000000e+00
4.396860589067276948e+01,1.497098103622556664e+02,0.000000000000000000e+00,0.000000000000000000e+00
6.079402698658123683e+01,1.497098103622556664e+02,0.000000000000000000e+00,0.000000000000000000e+00
7.761944808248971128e+01,1.497098103622556664e+02,0.000000000000000000e+00,0.000000000000000000e+00
9.444486917839820705e+01,1.497098103622556664e+02,0.000000000000000000e+00,0.000000000000000000e+00
1.112702902743066460e+02,1.497098103622556664e+02,0.000000000000000000e+00,0.000000000000000000e+00
1.280957113702150707e+02,1.497098103622556664e+02,0.000000000000000000e+00,0.000000000000000000e+00
-9.904747342454919590e+01,1.642810524606829858e+02,0.000000000000000000e+00,0.000000000000000000e+00
-8.222205232864072855e+01,1.642810524606829858e+02,0.000000000000000000e+00,0.000000000000000000e+00
-6.539663123273226120e+01,1.642810524606829858e+02,0.000000000000000000e+00,0.000000000000000000e+00
-4.857121013682379385e+01,1.642810524606829858e+02,0.000000000000000000e+00,0.000000000000000000e+00
-3.174578904091532650e+01,1.642810524606829858e+02,0.000000000000000000e+00,0.000000000000000000e+00
-1.492036794500685914e+01,1.642810524606829858e+02,0.000000000000000000e+00,0.000000000000000000e+00
1.905053150901608205e+00,1.642810524606829858e+02,0.000000000000000000e+00,0.000000000000000000e+00
1.873047424681007556e+01,1.642810524606829858e+02,0.000000000000000000e+00,0.000000000000000000e+00
3.555589534271854291e+01,1.642810524606829858e+02,0.000000000000000000e+00,0.000000000000000000e+00
5.238131643862701026e+01,1.642810524606829858e+02,0.000000000000000000e+00,0.000000000000000000e+00
6.920673753453547761e+01,1.642810524606829858e+02,0.000000000000000000e+00,0.000000000000000000e+00
8.603215863044397338e+01,1.642810524606829858e+02,0.000000000000000000e+00,0.000000000000000000e+00
1.028575797263524123e+02,1.642810524606829858e+02,0.000000000000000000e+00,0.000000000000000000e+00
-7.380934178068649487e+01,1.788522945591103053e+02,0.000000000000000000e+00,0.000000000000000000e+00
-5.698392068477803463e+01,1.788522945591103053e+02,0.000000000000000000e+00,0.000000000000000000e+00
-4.015849958886956728e+01,1.788522945591103053e+02,0.000000000000000000e+00,0.000000000000000000e+00
-2.333307849296109993e+01,1.788522945591103053e+02,0.000000000000000000e+00,0.000000000000000000e+00
-6.507657397052630799e+00,1.788522945591103053e+02,0.000000000000000000e+00,0.000000000000000000e+00
1.031776369885583655e+01,1.788522945591103053e+02,0.000000000000000000e+00,0.000000000000000000e+00
2.714318479476430213e+01,1.788522945591103053e+02,0.000000000000000000e+00,0.000000000000000000e+00
4.396860589067276948e+01,1.788522945591103053e+02,0.000000000000000000e+00,0.000000000000000000e+00
6.079402698658123683e+01,1.788522945591103053e+02,0.000000000000000000e+00,0.000000000000000000e+00
7.761944808248971128e+01,1.788522945591103053e+02,0.000000000000000000e+00,0.000000000000000000e+00
-4.857121013682379385e+01,1.934235366575376247e+02,0.000000000000000000e+00,0.000000000000000000e+00
-3.174578904091532650e+01,1.934235366575376247e+02,0.000000000000000000e+00,0.000000000000000000e+00
-1.492036794500685914e+01,1.934235366575376247e+02,0.000000000000000000e+00,0.000000000000000000e+00
1.905053150901608205e+00,1.934235366575376247e+02,0.000000000000000000e+00,0.000000000000000000e+00
1.873047424681007556e+01,1.934235366575376247e+02,0.000000000000000000e+00,0.000000000000000000e+00
3.555589534271854291e+01,1.934235366575376247e+02,0.000000000000000000e+00,0.000000000000000000e+00
-5.415872894520457521e+02,-2.400000000000000000e+02,0.000000000000000000e+00,1.000000000000000000e+00
-5.247618683561372563e+02,-2.400000000000000000e+02,0.000000000000000000e+00,1.000000000000000000e+00
-5.079364472602287606e+02,-2.400000000000000000e+02,0.000000000000000000e+00,1.000000000000000000e+00
-4.911110261643202648e+02,-2.400000000000000000e+02,0.000000000000000000e+00,1.000000000000000000e+00
-4.742856050684117690e+02,-2.400000000000000000e+02,0.000000000000000000e+00,1.000000000000000000e+00
-4.574601839725032733e+02,-2.400000000000000000e+02,0.000000000000000000e+00,1.000000000000000000e+00
-4.406347628765947775e+02,-2.400000000000000000e+02,0.000000000000000000e+00,1.000000000000000000e+00
-4.238093417806862817e+02,-2.400000000000000000e+02,0.000000000000000000e+00,1.000000000000000000e+00
-4.069839206847777859e+02,-2.400000000000000000e+02,0.000000000000000000e+00,1.000000000000000000e+00
-3.901584995888692902e+02,-2.400000000000000000e+02,0.000000000000000000e+00,1.000000000000000000e+00
-3.733330784929607944e+02,-2.400000000000000000e+02,0.000000000000000000e+00,1.000000000000000000e+00
-3.565076573970522986e+02,-2.400000000000000000e+02,0.000000000000000000e+00,1.000000000000000000e+00
-3.396822363011438028e+02,-2.400000000000000000e+02,0.000000000000000000e+00,1.000000000000000000e+00
-3.228568152052353071e+02,-2.400000000000000000e+02,0.000000000000000000e+00,1.000000000000000000e+00
-3.060313941093268113e+02,-2.400000000000000000e+02,0.000000000000000000e+00,1.000000000000000000e+00
-2.892059730134183155e+02,-2.400000000000000000e+02,0.000000000000000000e+00,1.000000000000000000e+00
-2.723805519175098198e+02,-2.400000000000000000e+02,0.000000000000000000e+00,1.000000000000000000e+00
-2.555551308216013524e+02,-2.400000000000000000e+02,0.000000000000000000e+00,1.000000000000000000e+00
-2.387297097256928566e+02,-2.400000000000000000e+02,0.000000000000000000e+00,1.000000000000000000e+00
-2.219042886297843609e+02,-2.400000000000000000e+02,0.000000000000000000e+00,1.000000000000000000e+00
-2.050788675338758651e+02,-2.400000000000000000e+02,0.000000000000000000e+00,1.000000000000000000e+00
-1.882534464379673693e+02,-2.400000000000000000e+02,0.000000000000000000e+00,1.000000000000000000e+00
-1.714280253420588735e+02,-2.400000000000000000e+02,0.000000000000000000e+00,1.000000000000000000e+00
-1.546026042461503778e+02,-2.400000000000000000e+02,0.000000000000000000e+00,1.000000000000000000e+00
-1.377771831502418820e+02,-2.400000000000000000e+02,0.000000000000000000e+00,1.000000000000000000e+00
-1.209517620543333720e+02,-2.400000000000000000e+02,0.000000000000000000e+00,1.000000000000000000e+00
-1.041263409584248762e+02,-2.400000000000000000e+02,0.000000000000000000e+00,1.000000000000000000e+00
-8.730091986251638048e+01,-2.400000000000000000e+02,0.000000000000000000e+00,1.000000000000000000e+00
-7.047549876660788470e+01,-2.400000000000000000e+02,0.000000000000000000e+00,1.000000000000000000e+00
-5.365007767069939604e+01,-2.400000000000000000e+02,0.000000000000000000e+00,1.000000000000000000e+00
-3.682465657479090027e+01,-2.400000000000000000e+02,0.000000000000000000e+00,1.000000000000000000e+00
-1.999923547888240449e+01,-2.400000000000000000e+02,0.000000000000000000e+00,1.000000000000000000e+00
-3.173814382973906945e+00,-2.400000000000000000e+02,0.000000000000000000e+00,1.000000000000000000e+00
1.365160671293458883e+01,-2.400000000000000000e+02,0.000000000000000000e+00,1.000000000000000000e+00
3.047702780884308282e+01,-2.400000000000000000e+02,0.000000000000000000e+00,1.000000000000000000e+00
4.730244890475157860e+01,-2.400000000000000000e+02,0.000000000000000000e+00,1.000000000000000000e+00
6.412787000066008147e+01,-2.400000000000000000e+02,0.000000000000000000e+00,1.000000000000000000e+00
8.095329109656857725e+01,-2.400000000000000000e+02,0.000000000000000000e+00,1.000000000000000000e+00
9.777871219247707302e+01,-2.400000000000000000e+02,0.000000000000000000e+00,1.000000000000000000e+00
1.146041332883855688e+02,-2.400000000000000000e+02,0.000000000000000000e+00,1.000000000000000000e+00
1.314295543842940504e+02,-2.400000000000000000e+02,0.000000000000000000e+00,1.000000000000000000e+00
1.482549754802025461e+02,-2.400000000000000000e+02,0.000000000000000000e+00,1.000000000000000000e+00
1.650803965761110419e+02,-2.400000000000000000e+02,0.000000000000000000e+00,1.000000000000000000e+00
1.819058176720195377e+02,-2.400000000000000000e+02,0.000000000000000000e+00,1.000000000000000000e+00
1.987312387679280334e+02,-2.400000000000000000e+02,0.000000000000000000e+00,1.000000000000000000e+00
2.155566598638365292e+02,-2.400000000000000000e+02,0.000000000000000000e+00,1.000000000000000000e+00
2.323820809597450250e+02,-2.400000000000000000e+02,0.000000000000000000e+00,1.000000000000000000e+00
2.492075020556535208e+02,-2.400000000000000000e+02,0.000000000000000000e+00,1.000000000000000000e+00
2.660329231515620449e+02,-2.400000000000000000e+02,0.000000000000000000e+00,1.000000000000000000e+00
2.828583442474705407e+02,-2.400000000000000000e+02,0.000000000000000000e+00,1.000000000000000000e+00
2.996837653433790365e+02,-2.400000000000000000e+02,0.000000000000000000e+00,1.000000000000000000e+00
3.165091864392875323e+02,-2.400000000000000000e+02,0.000000000000000000e+00,1.000000000000000000e+00
3.333346075351960280e+02,-2.400000000000000000e+02,0.000000000000000000e+00,1.000000000000000000e+00
3.501600286311045238e+02,-2.400000000000000000e+02,0.000000000000000000e+00,1.000000000000000000e+00
3.669854497270130196e+02,-2.400000000000000000e+02,0.000000000000000000e+00,1.000000000000000000e+00
3.838108708229215154e+02,-2.400000000000000000e+02,0.000000000000000000e+00,1.000000000000000000e+00
4.006362919188300111e+02,-2.400000000000000000e+02,0.000000000000000000e+00,1.000000000000000000e+00
4.174617130147385069e+02,-2.400000000000000000e+02,0.000000000000000000e+00,1.000000000000000000e+00
4.342871341106470027e+02,-2.400000000000000000e+02,0.000000000000000000e+00,1.000000000000000000e+00
4.511125552065554984e+02,-2.400000000000000000e+02,0.000000000000000000e+00,1.000000000000000000e+00
4.679379763024639942e+02,-2.400000000000000000e+02,0.000000000000000000e+00,1.000000000000000000e+00
4.847633973983724900e+02,-2.400000000000000000e+02,0.000000000000000000e+00,1.000000000000000000e+00
5.015888184942809858e+02,-2.400000000000000000e+02,0.000000000000000000e+00,1.000000000000000000e+00
5.184142395901894815e+02,-2.400000000000000000e+02,0.000000000000000000e+00,1.000000000000000000e+00
5.352396606860979773e+02,-2.400000000000000000e+02,0.000000000000000000e+00,1.000000000000000000e+00
5.520650817820064731e+02,-2.400000000000000000e+02,0.000000000000000000e+00,1.000000000000000000e+00
-5.500000000000000000e+02,-2.254287579015726806e+02,0.000000000000000000e+00,1.000000000000000000e+00
-5.331745789040915042e+02,-2.254287579015726806e+02,0.000000000000000000e+00,1.000000000000000000e+00
-5.163491578081830085e+02,-2.254287579015726806e+02,0.000000000000000000e+00,1.000000000000000000e+00
-4.995237367122745127e+02,-2.254287579015726806e+02,0.000000000000000000e+00,1.000000000000000000e+00
-4.826983156163660169e+02,-2.254287579015726806e+02,0.000000000000000000e+00,1.000000000000000000e+00
-4.658728945204575211e+02,-2.254287579015726806e+02,0.000000000000000000e+00,1.000000000000000000e+00
-4.490474734245490254e+02,-2.254287579015726806e+02,0.000000000000000000e+00,1.000000000000000000e+00
-4.322220523286405296e+02,-2.254287579015726806e+02,0.000000000000000000e+00,1.000000000000000000e+00
-4.153966312327320338e+02,-2.254287579015726806e+02,0.000000000000000000e+00,1.000000000000000000e+00
-3.985712101368235381e+02,-2.254287579015726806e+02,0.000000000000000000e+00,1.000000000000000000e+00
-3.817457890409150423e+02,-2.254287579015726806e+02,0.000000000000000000e+00,1.000000000000000000e+00
-3.649203679450065465e+02,-2.254287579015726806e+02,0.000000000000000000e+00,1.000000000000000000e+00
-3.480949468490980507e+02,-2.254287579015726806e+02,0.000000000000000000e+00,1.000000000000000000e+00
-3.312695257531895550e+02,-2.254287579015726806e+02,0.000000000000000000e+00,1.000000000000000000e+00
-3.144441046572810592e+02,-2.254287579015726806e+02,0.000000000000000000e+00,1.000000000000000000e+00
-2.976186835613725634e+02,-2.254287579015726806e+02,0.000000000000000000e+00,1.000000000000000000e+00
-2.807932624654640676e+02,-2.254287579015726806e+02,0.000000000000000000e+00,1.000000000000000000e+00
-2.639678413695555719e+02,-2.254287579015726806e+02,0.000000000000000000e+00,1.000000000000000000e+00
-2.471424202736470761e+02,-2.254287579015726806e+02,0.000000000000000000e+00,1.000000000000000000e+00
-2.303169991777385803e+02,-2.254287579015726806e+02,0.000000000000000000e+00,1.000000000000000000e+00
-2.134915780818300846e+02,-2.254287579015726806e+02,0.000000000000000000e+00,1.000000000000000000e+00
-1.966661569859215888e+02,-2.254287579015726806e+02,0.000000000000000000e+00,1.000000000000000000e+00
-1.798407358900130930e+02,-2.254287579015726806e+02,0.000000000000000000e+00,1.000000000000000000e+00
-1.630153147941045972e+02,-2.254287579015726806e+02,0.000000000000000000e+00,1.000000000000000000e+00
-1.461898936981961015e+02,-2.254287579015726806e+02,0.000000000000000000e+00,1.000000000000000000e+00
-1.293644726022876057e+02,-2.254287579015726806e+02,0.000000000000000000e+00,1.000000000000000000e+00
-1.125390515063791099e+02,-2.254287579015726806e+02,0.000000000000000000e+00,1.000000000000000000e+00
-9.571363041047061415e+01,-2.254287579015726806e+02,0.000000000000000000e+00,1.000000000000000000e+00
-7.888820931456211838e+01,-2.254287579015726806e+02,0.000000000000000000e+00,1.000000000000000000e+00
-6.206278821865362261e+01,-2.254287579015726806e+02,0.000000000000000000e+00,1.000000000000000000e+00
-4.523736712274512684e+01,-2.254287579015726806e+02,0.000000000000000000e+00,1.000000000000000000e+00
-2.841194602683663106e+01,-2.254287579015726806e+02,0.000000000000000000e+00,1.000000000000000000e+00
-1.158652493092813529e+01,-2.254287579015726806e+02,0.000000000000000000e+00,1.000000000000000000e+00
5.238896164980360481e+00,-2.254287579015726806e+02,0.000000000000000000e+00,1.000000000000000000e+00
2.206431726088885625e+01,-2.254287579015726806e+02,0.000000000000000000e+00,1.000000000000000000e+00
3.888973835679735203e+01,-2.254287579015726806e+02,0.000000000000000000e+00,1.000000000000000000e+00
5.571515945270584780e+01,-2.254287579015726806e+02,0.000000000000000000e+00,1.000000000000000000e+00
7.254058054861434357e+01,-2.254287579015726806e+02,0.000000000000000000e+00,1.000000000000000000e+00
8.936600164452283934e+01,-2.254287579015726806e+02,0.000000000000000000e+00,1.000000000000000000e+00
1.061914227404313351e+02,-2.254287579015726806e+02,0.000000000000000000e+00,1.000000000000000000e+00
1.230168438363398309e+02,-2.254287579015726806e+02,0.000000000000000000e+00,1.000000000000000000e+00
1.398422649322483267e+02,-2.254287579015726806e+02,0.000000000000000000e+00,1.000000000000000000e+00
1.566676860281568224e+02,-2.254287579015726806e+02,0.000000000000000000e+00,1.000000000000000000e+00
1.734931071240653182e+02,-2.254287579015726806e+02,0.000000000000000000e+00,1.000000000000000000e+00
1.903185282199738140e+02,-2.254287579015726806e+02,0.000000000000000000e+00,1.000000000000000000e+00
2.071439493158823097e+02,-2.254287579015726806e+02,0.000000000000000000e+00,1.000000000000000000e+00
2.239693704117908055e+02,-2.254287579015726806e+02,0.000000000000000000e+00,1.000000000000000000e+00
2.407947915076993013e+02,-2.254287579015726806e+02,0.000000000000000000e+00,1.000000000000000000e+00
2.576202126036077971e+02,-2.254287579015726806e+02,0.000000000000000000e+00,1.000000000000000000e+00
2.744456336995162928e+02,-2.254287579015726806e+02,0.000000000000000000e+00,1.000000000000000000e+00
2.912710547954247886e+02,-2.254287579015726806e+02,0.000000000000000000e+00,1.000000000000000000e+00
3.080964758913332844e+02,-2.254287579015726806e+02,0.000000000000000000e+00,1.000000000000000000e+00
3.249218969872417802e+02,-2.254287579015726806e+02,0.000000000000000000e+00,1.000000000000000000e+00
3.417473180831502759e+02,-2.254287579015726806e+02,0.000000000000000000e+00,1.000000000000000000e+00
3.585727391790587717e+02,-2.254287579015726806e+02,0.000000000000000000e+00,1.000000000000000000e+00
3.753981602749672675e+02,-2.254287579015726806e+02,0.000000000000000000e+00,1.000000000000000000e+00
3.922235813708757632e+02,-2.254287579015726806e+02,0.000000000000000000e+00,1.000000000000000000e+00
4.090490024667842590e+02,-2.254287579015726806e+02,0.000000000000000000e+00,1.000000000000000000e+00
4.258744235626927548e+02,-2.254287579015726806e+02,0.000000000000000000e+00,1.000000000000000000e+00
4.426998446586012506e+02,-2.254287579015726806e+02,0.000000000000000000e+00,1.000000000000000000e+00
4.595252657545097463e+02,-2.254287579015726806e+02,0.000000000000000000e+00,1.000000000000000000e+00
4.763506868504182421e+02,-2.254287579015726806e+02,0.000000000000000000e+00,1.000000000000000000e+00
4.931761079463267379e+02,-2.254287579015726806e+02,0.000000000000000000e+00,1.000000000000000000e+00
5.100015290422352336e+02,-2.254287579015726806e+02,0.000000000000000000e+00,1.000000000000000000e+00
5.268269501381437294e+02,-2.254287579015726806e+02,0.000000000000000000e+00,1.000000000000000000e+00
5.436523712340522252e+02,-2.254287579015726806e+02,0.000000000000000000e+00,1.000000000000000000e+00
-5.415872894520457521e+02,-2.108575158031453327e+02,0.000000000000000000e+00,1.000000000000000000e+00
-5.247618683561372563e+02,-2.108575158031453327e+02,0.000000000000000000e+00,1.000000000000000000e+00
-5.079364472602287606e+02,-2.108575158031453327e+02,0.000000000000000000e+00,1.000000000000000000e+00
-4.911110261643202648e+02,-2.108575158031453327e+02,0.000000000000000000e+00,1.000000000000000000e+00
-4.742856050684117690e+02,-2.108575158031453327e+02,0.000000000000000000e+00,1.000000000000000000e+00
-4.574601839725032733e+02,-2.108575158031453327e+02,0.000000000000000000e+00,1.000000000000000000e+00
-4.406347628765947775e+02,-2.108575158031453327e+02,0.000000000000000000e+00,1.000000000000000000e+00
-4.238093417806862817e+02,-2.108575158031453327e+02,0.000000000000000000e+00,1.000000000000000000e+00
-4.069839206847777859e+02,-2.108575158031453327e+02,0.000000000000000000e+00,1.000000000000000000e+00
-3.901584995888692902e+02,-2.108575158031453327e+02,0.000000000000000000e+00,1.000000000000000000e+00
-3.733330784929607944e+02,-2.108575158031453327e+02,0.000000000000000000e+00,1.000000000000000000e+00
-3.565076573970522986e+02,-2.108575158031453327e+02,0.000000000000000000e+00,1.000000000000000000e+00
-3.396822363011438028e+02,-2.108575158031453327e+02,0.000000000000000000e+00,1.000000000000000000e+00
-3.228568152052353071e+02,-2.108575158031453327e+02,0.000000000000000000e+00,1.000000000000000000e+00
-3.060313941093268113e+02,-2.108575158031453327e+02,0.000000000000000000e+00,1.000000000000000000e+00
-2.892059730134183155e+02,-2.108575158031453327e+02,0.000000000000000000e+00,1.000000000000000000e+00
-2.723805519175098198e+02,-2.108575158031453327e+02,0.000000000000000000e+00,1.000000000000000000e+00
-2.555551308216013524e+02,-2.108575158031453327e+02,0.000000000000000000e+00,1.000000000000000000e+00
-2.387297097256928566e+02,-2.108575158031453327e+02,0.000000000000000000e+00,1.000000000000000000e+00
-2.219042886297843609e+02,-2.108575158031453327e+02,0.000000000000000000e+00,1.000000000000000000e+00
-2.050788675338758651e+02,-2.108575158031453327e+02,0.000000000000000000e+00,1.000000000000000000e+00
-1.882534464379673693e+02,-2.108575158031453327e+02,0.000000000000000000e+00,1.000000000000000000e+00
-1.714280253420588735e+02,-2.108575158031453327e+02,0.000000000000000000e+00,1.000000000000000000e+00
-1.546026042461503778e+02,-2.108575158031453327e+02,0.000000000000000000e+00,1.000000000000000000e+00
-1.377771831502418820e+02,-2.108575158031453327e+02,0.000000000000000000e+00,1.000000000000000000e+00
-1.209517620543333720e+02,-2.108575158031453327e+02,0.000000000000000000e+00,1.000000000000000000e+00
-1.041263409584248762e+02,-2.108575158031453327e+02,0.000000000000000000e+00,1.000000000000000000e+00
-8.730091986251638048e+01,-2.108575158031453327e+02,0.000000000000000000e+00,1.000000000000000000e+00
-7.047549876660788470e+01,-2.108575158031453327e+02,0.000000000000000000e+00,1.000000000000000000e+00
-5.365007767069939604e+01,-2.108575158031453327e+02,0.000000000000000000e+00,1.000000000000000000e+00
-3.682465657479090027e+01,-2.108575158031453327e+02,0.000000000000000000e+00,1.000000000000000000e+00
-1.999923547888240449e+01,-2.108575158031453327e+02,0.000000000000000000e+00,1.000000000000000000e+00
-3.173814382973906945e+00,-2.108575158031453327e+02,0.000000000000000000e+00,1.000000000000000000e+00
1.365160671293458883e+01,-2.108575158031453327e+02,0.000000000000000000e+00,1.000000000000000000e+00
3.047702780884308282e+01,-2.108575158031453327e+02,0.000000000000000000e+00,1.000000000000000000e+00
4.730244890475157860e+01,-2.108575158031453327e+02,0.000000000000000000e+00,1.000000000000000000e+00
6.412787000066008147e+01,-2.108575158031453327e+02,0.000000000000000000e+00,1.000000000000000000e+00
8.095329109656857725e+01,-2.108575158031453327e+02,0.000000000000000000e+00,1.000000000000000000e+00
9.777871219247707302e+01,-2.108575158031453327e+02,0.000000000000000000e+00,1.000000000000000000e+00
1.146041332883855688e+02,-2.108575158031453327e+02,0.000000000000000000e+00,1.000000000000000000e+00
1.314295543842940504e+02,-2.108575158031453327e+02,0.000000000000000000e+00,1.000000000000000000e+00
1.482549754802025461e+02,-2.108575158031453327e+02,0.000000000000000000e+00,1.000000000000000000e+00
1.650803965761110419e+02,-2.108575158031453327e+02,0.000000000000000000e+00,1.000000000000000000e+00
1.819058176720195377e+02,-2.108575158031453327e+02,0.000000000000000000e+00,1.000000000000000000e+00
1.987312387679280334e+02,-2.108575158031453327e+02,0.000000000000000000e+00,1.000000000000000000e+00
2.155566598638365292e+02,-2.108575158031453327e+02,0.000000000000000000e+00,1.000000000000000000e+00
2.323820809597450250e+02,-2.108575158031453327e+02,0.000000000000000000e+00,1.000000000000000000e+00
2.492075020556535208e+02,-2.108575158031453327e+02,0.000000000000000000e+00,1.000000000000000000e+00
2.660329231515620449e+02,-2.108575158031453327e+02,0.000000000000000000e+00,1.000000000000000000e+00
2.828583442474705407e+02,-2.108575158031453327e+02,0.000000000000000000e+00,1.000000000000000000e+00
2.996837653433790365e+02,-2.108575158031453327e+02,0.000000000000000000e+00,1.000000000000000000e+00
3.165091864392875323e+02,-2.108575158031453327e+02,0.000000000000000000e+00,1.000000000000000000e+00
3.333346075351960280e+02,-2.108575158031453327e+02,0.000000000000000000e+00,1.000000000000000000e+00
3.501600286311045238e+02,-2.108575158031453327e+02,0.000000000000000000e+00,1.000000000000000000e+00
3.669854497270130196e+02,-2.108575158031453327e+02,0.000000000000000000e+00,1.000000000000000000e+00
3.838108708229215154e+02,-2.108575158031453327e+02,0.000000000000000000e+00,1.000000000000000000e+00
4.006362919188300111e+02,-2.108575158031453327e+02,0.000000000000000000e+00,1.000000000000000000e+00
4.174617130147385069e+02,-2.108575158031453327e+02,0.000000000000000000e+00,1.000000000000000000e+00
4.342871341106470027e+02,-2.108575158031453327e+02,0.000000000000000000e+00,1.000000000000000000e+00
4.511125552065554984e+02,-2.108575158031453327e+02,0.000000000000000000e+00,1.000000000000000000e+00
4.679379763024639942e+02,-2.108575158031453327e+02,0.000000000000000000e+00,1.000000000000000000e+00
4.847633973983724900e+02,-2.108575158031453327e+02,0.000000000000000000e+00,1.000000000000000000e+00
5.015888184942809858e+02,-2.108575158031453327e+02,0.000000000000000000e+00,1.000000000000000000e+00
5.184142395901894815e+02,-2.108575158031453327e+02,0.000000000000000000e+00,1.000000000000000000e+00
5.352396606860979773e+02,-2.108575158031453327e+02,0.000000000000000000e+00,1.000000000000000000e+00
5.520650817820064731e+02,-2.108575158031453327e+02,0.000000000000000000e+00,1.000000000000000000e+00
-5.415872894520457521e+02,2.200000000000000000e+02,0.000000000000000000e+00,1.000000000000000000e+00
-5.247618683561372563e+02,2.200000000000000000e+02,0.000000000000000000e+00,1.000000000000000000e+00
-5.079364472602287606e+02,2.200000000000000000e+02,0.000000000000000000e+00,1.000000000000000000e+00
-4.911110261643202648e+02,2.200000000000000000e+02,0.000000000000000000e+00,1.000000000000000000e+00
-4.742856050684117690e+02,2.200000000000000000e+02,0.000000000000000000e+00,1.000000000000000000e+00
-4.574601839725032733e+02,2.200000000000000000e+02,0.000000000000000000e+00,1.000000000000000000e+00
-4.406347628765947775e+02,2.200000000000000000e+02,0.000000000000000000e+00,1.000000000000000000e+00
-4.238093417806862817e+02,2.200000000000000000e+02,0.000000000000000000e+00,1.000000000000000000e+00
-4.069839206847777859e+02,2.200000000000000000e+02,0.000000000000000000e+00,1.000000000000000000e+00
-3.901584995888692902e+02,2.200000000000000000e+02,0.000000000000000000e+00,1.000000000000000000e+00
-3.733330784929607944e+02,2.200000000000000000e+02,0.000000000000000000e+00,1.000000000000000000e+00
-3.565076573970522986e+02,2.200000000000000000e+02,0.000000000000000000e+00,1.000000000000000000e+00
-3.396822363011438028e+02,2.200000000000000000e+02,0.000000000000000000e+00,1.000000000000000000e+00
-3.228568152052353071e+02,2.200000000000000000e+02,0.000000000000000000e+00,1.000000000000000000e+00
-3.060313941093268113e+02,2.200000000000000000e+02,0.000000000000000000e+00,1.000000000000000000e+00
-2.892059730134183155e+02,2.200000000000000000e+02,0.000000000000000000e+00,1.000000000000000000e+00
-2.723805519175098198e+02,2.200000000000000000e+02,0.000000000000000000e+00,1.000000000000000000e+00
-2.555551308216013524e+02,2.200000000000000000e+02,0.000000000000000000e+00,1.000000000000000000e+00
-2.387297097256928566e+02,2.200000000000000000e+02,0.000000000000000000e+00,1.000000000000000000e+00
-2.219042886297843609e+02,2.200000000000000000e+02,0.000000000000000000e+00,1.000000000000000000e+00
-2.050788675338758651e+02,2.200000000000000000e+02,0.000000000000000000e+00,1.000000000000000000e+00
-1.882534464379673693e+02,2.200000000000000000e+02,0.000000000000000000e+00,1.000000000000000000e+00
-1.714280253420588735e+02,2.200000000000000000e+02,0.000000000000000000e+00,1.000000000000000000e+00
-1.546026042461503778e+02,2.200000000000000000e+02,0.000000000000000000e+00,1.000000000000000000e+00
-1.377771831502418820e+02,2.200000000000000000e+02,0.000000000000000000e+00,1.000000000000000000e+00
-1.209517620543333720e+02,2.200000000000000000e+02,0.000000000000000000e+00,1.000000000000000000e+00
-1.041263409584248762e+02,2.200000000000000000e+02,0.000000000000000000e+00,1.000000000000000000e+00
-8.730091986251638048e+01,2.200000000000000000e+02,0.000000000000000000e+00,1.000000000000000000e+00
-7.047549876660788470e+01,2.200000000000000000e+02,0.000000000000000000e+00,1.000000000000000000e+00
-5.365007767069939604e+01,2.200000000000000000e+02,0.000000000000000000e+00,1.000000000000000000e+00
-3.682465657479090027e+01,2.200000000000000000e+02,0.000000000000000000e+00,1.000000000000000000e+00
-1.999923547888240449e+01,2.200000000000000000e+02,0.000000000000000000e+00,1.000000000000000000e+00
-3.173814382973906945e+00,2.200000000000000000e+02,0.000000000000000000e+00,1.000000000000000000e+00
1.365160671293458883e+01,2.200000000000000000e+02,0.000000000000000000e+00,1.000000000000000000e+00
3.047702780884308282e+01,2.200000000000000000e+02,0.000000000000000000e+00,1.000000000000000000e+00
4.730244890475157860e+01,2.200000000000000000e+02,0.000000000000000000e+00,1.000000000000000000e+00
6.412787000066008147e+01,2.200000000000000000e+02,0.000000000000000000e+00,1.000000000000000000e+00
8.095329109656857725e+01,2.200000000000000000e+02,0.000000000000000000e+00,1.000000000000000000e+00
9.777871219247707302e+01,2.200000000000000000e+02,0.000000000000000000e+00,1.000000000000000000e+00
1.146041332883855688e+02,2.200000000000000000e+02,0.000000000000000000e+00,1.000000000000000000e+00
1.314295543842940504e+02,2.200000000000000000e+02,0.000000000000000000e+00,1.000000000000000000e+00
1.482549754802025461e+02,2.200000000000000000e+02,0.000000000000000000e+00,1.000000000000000000e+00
1.650803965761110419e+02,2.200000000000000000e+02,0.000000000000000000e+00,1.000000000000000000e+00
1.819058176720195377e+02,2.200000000000000000e+02,0.000000000000000000e+00,1.000000000000000000e+00
1.987312387679280334e+02,2.200000000000000000e+02,0.000000000000000000e+00,1.000000000000000000e+00
2.155566598638365292e+02,2.200000000000000000e+02,0.000000000000000000e+00,1.000000000000000000e+00
2.323820809597450250e+02,2.200000000000000000e+02,0.000000000000000000e+00,1.000000000000000000e+00
2.492075020556535208e+02,2.200000000000000000e+02,0.000000000000000000e+00,1.000000000000000000e+00
2.660329231515620449e+02,2.200000000000000000e+02,0.000000000000000000e+00,1.000000000000000000e+00
2.828583442474705407e+02,2.200000000000000000e+02,0.000000000000000000e+00,1.000000000000000000e+00
2.996837653433790365e+02,2.200000000000000000e+02,0.000000000000000000e+00,1.000000000000000000e+00
3.165091864392875323e+02,2.200000000000000000e+02,0.000000000000000000e+00,1.000000000000000000e+00
3.333346075351960280e+02,2.200000000000000000e+02,0.000000000000000000e+00,1.000000000000000000e+00
3.501600286311045238e+02,2.200000000000000000e+02,0.000000000000000000e+00,1.000000000000000000e+00
3.669854497270130196e+02,2.200000000000000000e+02,0.000000000000000000e+00,1.000000000000000000e+00
3.838108708229215154e+02,2.200000000000000000e+02,0.000000000000000000e+00,1.000000000000000000e+00
4.006362919188300111e+02,2.200000000000000000e+02,0.000000000000000000e+00,1.000000000000000000e+00
4.174617130147385069e+02,2.200000000000000000e+02,0.000000000000000000e+00,1.000000000000000000e+00
4.342871341106470027e+02,2.200000000000000000e+02,0.000000000000000000e+00,1.000000000000000000e+00
4.511125552065554984e+02,2.200000000000000000e+02,0.000000000000000000e+00,1.000000000000000000e+00
4.679379763024639942e+02,2.200000000000000000e+02,0.000000000000000000e+00,1.000000000000000000e+00
4.847633973983724900e+02,2.200000000000000000e+02,0.000000000000000000e+00,1.000000000000000000e+00
5.015888184942809858e+02,2.200000000000000000e+02,0.000000000000000000e+00,1.000000000000000000e+00
5.184142395901894815e+02,2.200000000000000000e+02,0.000000000000000000e+00,1.000000000000000000e+00
5.352396606860979773e+02,2.200000000000000000e+02,0.000000000000000000e+00,1.000000000000000000e+00
5.520650817820064731e+02,2.200000000000000000e+02,0.000000000000000000e+00,1.000000000000000000e+00
-5.500000000000000000e+02,2.345712420984273194e+02,0.000000000000000000e+00,1.000000000000000000e+00
-5.331745789040915042e+02,2.345712420984273194e+02,0.000000000000000000e+00,1.000000000000000000e+00
-5.163491578081830085e+02,2.345712420984273194e+02,0.000000000000000000e+00,1.000000000000000000e+00
-4.995237367122745127e+02,2.345712420984273194e+02,0.000000000000000000e+00,1.000000000000000000e+00
-4.826983156163660169e+02,2.345712420984273194e+02,0.000000000000000000e+00,1.000000000000000000e+00
-4.658728945204575211e+02,2.345712420984273194e+02,0.000000000000000000e+00,1.000000000000000000e+00
-4.490474734245490254e+02,2.345712420984273194e+02,0.000000000000000000e+00,1.000000000000000000e+00
-4.322220523286405296e+02,2.345712420984273194e+02,0.000000000000000000e+00,1.000000000000000000e+00
-4.153966312327320338e+02,2.345712420984273194e+02,0.000000000000000000e+00,1.000000000000000000e+00
-3.985712101368235381e+02,2.345712420984273194e+02,0.000000000000000000e+00,1.000000000000000000e+00
-3.817457890409150423e+02,2.345712420984273194e+02,0.000000000000000000e+00,1.000000000000000000e+00
-3.649203679450065465e+02,2.345712420984273194e+02,0.000000000000000000e+00,1.000000000000000000e+00
-3.480949468490980507e+02,2.345712420984273194e+02,0.000000000000000000e+00,1.000000000000000000e+00
-3.312695257531895550e+02,2.345712420984273194e+02,0.000000000000000000e+00,1.000000000000000000e+00
-3.144441046572810592e+02,2.345712420984273194e+02,0.000000000000000000e+00,1.000000000000000000e+00
-2.976186835613725634e+02,2.345712420984273194e+02,0.000000000000000000e+00,1.000000000000000000e+00
-2.807932624654640676e+02,2.345712420984273194e+02,0.000000000000000000e+00,1.000000000000000000e+00
-2.639678413695555719e+02,2.345712420984273194e+02,0.000000000000000000e+00,1.000000000000000000e+00
-2.471424202736470761e+02,2.345712420984273194e+02,0.000000000000000000e+00,1.000000000000000000e+00
-2.303169991777385803e+02,2.345712420984273194e+02,0.000000000000000000e+00,1.000000000000000000e+00
-2.134915780818300846e+02,2.345712420984273194e+02,0.000000000000000000e+00,1.000000000000000000e+00
-1.966661569859215888e+02,2.345712420984273194e+02,0.000000000000000000e+00,1.000000000000000000e+00
-1.798407358900130930e+02,2.345712420984273194e+02,0.000000000000000000e+00,1.000000000000000000e+00
-1.630153147941045972e+02,2.345712420984273194e+02,0.000000000000000000e+00,1.000000000000000000e+00
-1.461898936981961015e+02,2.345712420984273194e+02,0.000000000000000000e+00,1.000000000000000000e+00
-1.293644726022876057e+02,2.345712420984273194e+02,0.000000000000000000e+00,1.000000000000000000e+00
-1.125390515063791099e+02,2.345712420984273194e+02,0.000000000000000000e+00,1.000000000000000000e+00
-9.571363041047061415e+01,2.345712420984273194e+02,0.000000000000000000e+00,1.000000000000000000e+00
-7.888820931456211838e+01,2.345712420984273194e+02,0.000000000000000000e+00,1.000000000000000000e+00
-6.206278821865362261e+01,2.345712420984273194e+02,0.000000000000000000e+00,1.000000000000000000e+00
-4.523736712274512684e+01,2.345712420984273194e+02,0.000000000000000000e+00,1.000000000000000000e+00
-2.841194602683663106e+01,2.345712420984273194e+02,0.000000000000000000e+00,1.000000000000000000e+00
-1.158652493092813529e+01,2.345712420984273194e+02,0.000000000000000000e+00,1.000000000000000000e+00
5.238896164980360481e+00,2.345712420984273194e+02,0.000000000000000000e+00,1.000000000000000000e+00
2.206431726088885625e+01,2.345712420984273194e+02,0.000000000000000000e+00,1.000000000000000000e+00
3.888973835679735203e+01,2.345712420984273194e+02,0.000000000000000000e+00,1.000000000000000000e+00
5.571515945270584780e+01,2.345712420984273194e+02,0.000000000000000000e+00,1.000000000000000000e+00
7.254058054861434357e+01,2.345712420984273194e+02,0.000000000000000000e+00,1.000000000000000000e+00
8.936600164452283934e+01,2.345712420984273194e+02,0.000000000000000000e+00,1.000000000000000000e+00
1.061914227404313351e+02,2.345712420984273194e+02,0.000000000000000000e+00,1.000000000000000000e+00
1.230168438363398309e+02,2.345712420984273194e+02,0.000000000000000000e+00,1.000000000000000000e+00
1.398422649322483267e+02,2.345712420984273194e+02,0.000000000000000000e+00,1.000000000000000000e+00
1.566676860281568224e+02,2.345712420984273194e+02,0.000000000000000000e+00,1.000000000000000000e+00
1.734931071240653182e+02,2.345712420984273194e+02,0.000000000000000000e+00,1.000000000000000000e+00
1.903185282199738140e+02,2.345712420984273194e+02,0.000000000000000000e+00,1.000000000000000000e+00
2.071439493158823097e+02,2.345712420984273194e+02,0.000000000000000000e+00,1.000000000000000000e+00
2.239693704117908055e+02,2.345712420984273194e+02,0.000000000000000000e+00,1.000000000000000000e+00
2.407947915076993013e+02,2.345712420984273194e+02,0.000000000000000000e+00,1.000000000000000000e+00
2.576202126036077971e+02,2.345712420984273194e+02,0.000000000000000000e+00,1.000000000000000000e+00
2.744456336995162928e+02,2.345712420984273194e+02,0.000000000000000000e+00,1.000000000000000000e+00
2.912710547954247886e+02,2.345712420984273194e+02,0.000000000000000000e+00,1.000000000000000000e+00
3.080964758913332844e+02,2.345712420984273194e+02,0.000000000000000000e+00,1.000000000000000000e+00
3.249218969872417802e+02,2.345712420984273194e+02,0.000000000000000000e+00,1.000000000000000000e+00
3.417473180831502759e+02,2.345712420984273194e+02,0.000000000000000000e+00,1.000000000000000000e+00
3.585727391790587717e+02,2.345712420984273194e+02,0.000000000000000000e+00,1.000000000000000000e+00
3.753981602749672675e+02,2.345712420984273194e+02,0.000000000000000000e+00,1.000000000000000000e+00
3.922235813708757632e+02,2.345712420984273194e+02,0.000000000000000000e+00,1.000000000000000000e+00
4.090490024667842590e+02,2.345712420984273194e+02,0.000000000000000000e+00,1.000000000000000000e+00
4.258744235626927548e+02,2.345712420984273194e+02,0.000000000000000000e+00,1.000000000000000000e+00
4.426998446586012506e+02,2.345712420984273194e+02,0.000000000000000000e+00,1.000000000000000000e+00
4.595252657545097463e+02,2.345712420984273194e+02,0.000000000000000000e+00,1.000000000000000000e+00
4.763506868504182421e+02,2.345712420984273194e+02,0.000000000000000000e+00,1.000000000000000000e+00
4.931761079463267379e+02,2.345712420984273194e+02,0.000000000000000000e+00,1.000000000000000000e+00
5.100015290422352336e+02,2.345712420984273194e+02,0.000000000000000000e+00,1.000000000000000000e+00
5.268269501381437294e+02,2.345712420984273194e+02,0.000000000000000000e+00,1.000000000000000000e+00
5.436523712340522252e+02,2.345712420984273194e+02,0.000000000000000000e+00,1.000000000000000000e+00
-5.415872894520457521e+02,2.491424841968546673e+02,0.000000000000000000e+00,1.000000000000000000e+00
-5.247618683561372563e+02,2.491424841968546673e+02,0.000000000000000000e+00,1.000000000000000000e+00
-5.079364472602287606e+02,2.491424841968546673e+02,0.000000000000000000e+00,1.000000000000000000e+00
-4.911110261643202648e+02,2.491424841968546673e+02,0.000000000000000000e+00,1.000000000000000000e+00
-4.742856050684117690e+02,2.491424841968546673e+02,0.000000000000000000e+00,1.000000000000000000e+00
-4.574601839725032733e+02,2.491424841968546673e+02,0.000000000000000000e+00,1.000000000000000000e+00
-4.406347628765947775e+02,2.491424841968546673e+02,0.000000000000000000e+00,1.000000000000000000e+00
-4.238093417806862817e+02,2.491424841968546673e+02,0.000000000000000000e+00,1.000000000000000000e+00
-4.069839206847777859e+02,2.491424841968546673e+02,0.000000000000000000e+00,1.000000000000000000e+00
-3.901584995888692902e+02,2.491424841968546673e+02,0.000000000000000000e+00,1.000000000000000000e+00
-3.733330784929607944e+02,2.491424841968546673e+02,0.000000000000000000e+00,1.000000000000000000e+00
-3.565076573970522986e+02,2.491424841968546673e+02,0.000000000000000000e+00,1.000000000000000000e+00
-3.396822363011438028e+02,2.491424841968546673e+02,0.000000000000000000e+00,1.000000000000000000e+00
-3.228568152052353071e+02,2.491424841968546673e+02,0.000000000000000000e+00,1.000000000000000000e+00
-3.060313941093268113e+02,2.491424841968546673e+02,0.000000000000000000e+00,1.000000000000000000e+00
-2.892059730134183155e+02,2.491424841968546673e+02,0.000000000000000000e+00,1.000000000000000000e+00
-2.723805519175098198e+02,2.491424841968546673e+02,0.000000000000000000e+00,1.000000000000000000e+00
-2.555551308216013524e+02,2.491424841968546673e+02,0.000000000000000000e+00,1.000000000000000000e+00
-2.387297097256928566e+02,2.491424841968546673e+02,0.000000000000000000e+00,1.000000000000000000e+00
-2.219042886297843609e+02,2.491424841968546673e+02,0.000000000000000000e+00,1.000000000000000000e+00
-2.050788675338758651e+02,2.491424841968546673e+02,0.000000000000000000e+00,1.000000000000000000e+00
-1.882534464379673693e+02,2.491424841968546673e+02,0.000000000000000000e+00,1.000000000000000000e+00
-1.714280253420588735e+02,2.491424841968546673e+02,0.000000000000000000e+00,1.000000000000000000e+00
-1.546026042461503778e+02,2.491424841968546673e+02,0.000000000000000000e+00,1.000000000000000000e+00
-1.377771831502418820e+02,2.491424841968546673e+02,0.000000000000000000e+00,1.000000000000000000e+00
-1.209517620543333720e+02,2.491424841968546673e+02,0.000000000000000000e+00,1.000000000000000000e+00
-1.041263409584248762e+02,2.491424841968546673e+02,0.000000000000000000e+00,1.000000000000000000e+00
-8.730091986251638048e+01,2.491424841968546673e+02,0.000000000000000000e+00,1.000000000000000000e+00
-7.047549876660788470e+01,2.491424841968546673e+02,0.000000000000000000e+00,1.000000000000000000e+00
-5.365007767069939604e+01,2.491424841968546673e+02,0.000000000000000000e+00,1.000000000000000000e+00
-3.682465657479090027e+01,2.491424841968546673e+02,0.000000000000000000e+00,1.000000000000000000e+00
-1.999923547888240449e+01,2.491424841968546673e+02,0.000000000000000000e+00,1.000000000000000000e+00
-3.173814382973906945e+00,2.491424841968546673e+02,0.000000000000000000e+00,1.000000000000000000e+00
1.365160671293458883e+01,2.491424841968546673e+02,0.000000000000000000e+00,1.000000000000000000e+00
3.047702780884308282e+01,2.491424841968546673e+02,0.000000000000000000e+00,1.000000000000000000e+00
4.730244890475157860e+01,2.491424841968546673e+02,0.000000000000000000e+00,1.000000000000000000e+00
6.412787000066008147e+01,2.491424841968546673e+02,0.000000000000000000e+00,1.000000000000000000e+00
8.095329109656857725e+01,2.491424841968546673e+02,0.000000000000000000e+00,1.000000000000000000e+00
9.777871219247707302e+01,2.491424841968546673e+02,0.000000000000000000e+00,1.000000000000000000e+00
1.146041332883855688e+02,2.491424841968546673e+02,0.000000000000000000e+00,1.000000000000000000e+00
1.314295543842940504e+02,2.491424841968546673e+02,0.000000000000000000e+00,1.000000000000000000e+00
1.482549754802025461e+02,2.491424841968546673e+02,0.000000000000000000e+00,1.000000000000000000e+00
1.650803965761110419e+02,2.491424841968546673e+02,0.000000000000000000e+00,1.000000000000000000e+00
1.819058176720195377e+02,2.491424841968546673e+02,0.000000000000000000e+00,1.000000000000000000e+00
1.987312387679280334e+02,2.491424841968546673e+02,0.000000000000000000e+00,1.000000000000000000e+00
2.155566598638365292e+02,2.491424841968546673e+02,0.000000000000000000e+00,1.000000000000000000e+00
2.323820809597450250e+02,2.491424841968546673e+02,0.000000000000000000e+00,1.000000000000000000e+00
2.492075020556535208e+02,2.491424841968546673e+02,0.000000000000000000e+00,1.000000000000000000e+00
2.660329231515620449e+02,2.491424841968546673e+02,0.000000000000000000e+00,1.000000000000000000e+00
2.828583442474705407e+02,2.491424841968546673e+02,0.000000000000000000e+00,1.000000000000000000e+00
2.996837653433790365e+02,2.491424841968546673e+02,0.000000000000000000e+00,1.000000000000000000e+00
3.165091864392875323e+02,2.491424841968546673e+02,0.000000000000000000e+00,1.000000000000000000e+00
3.333346075351960280e+02,2.491424841968546673e+02,0.000000000000000000e+00,1.000000000000000000e+00
3.501600286311045238e+02,2.491424841968546673e+02,0.000000000000000000e+00,1.000000000000000000e+00
3.669854497270130196e+02,2.491424841968546673e+02,0.000000000000000000e+00,1.000000000000000000e+00
3.838108708229215154e+02,2.491424841968546673e+02,0.000000000000000000e+00,1.000000000000000000e+00
4.006362919188300111e+02,2.491424841968546673e+02,0.000000000000000000e+00,1.000000000000000000e+00
4.174617130147385069e+02,2.491424841968546673e+02,0.000000000000000000e+00,1.000000000000000000e+00
4.342871341106470027e+02,2.491424841968546673e+02,0.000000000000000000e+00,1.000000000000000000e+00
4.511125552065554984e+02,2.491424841968546673e+02,0.000000000000000000e+00,1.000000000000000000e+00
4.679379763024639942e+02,2.491424841968546673e+02,0.000000000000000000e+00,1.000000000000000000e+00
4.847633973983724900e+02,2.491424841968546673e+02,0.000000000000000000e+00,1.000000000000000000e+00
5.015888184942809858e+02,2.491424841968546673e+02,0.000000000000000000e+00,1.000000000000000000e+00
5.184142395901894815e+02,2.491424841968546673e+02,0.000000000000000000e+00,1.000000000000000000e+00
5.352396606860979773e+02,2.491424841968546673e+02,0.000000000000000000e+00,1.000000000000000000e+00
5.520650817820064731e+02,2.491424841968546673e+02,0.000000000000000000e+00,1.000000000000000000e+00
